/* INSERTS DE TABLA LUGAR */
INSERT INTO LUGAR (l_id_lugar, l_nombre, l_tipo) VALUES (1,'Venezuela','pais');
INSERT INTO LUGAR (l_id_lugar, l_nombre, l_tipo, lugar_id) VALUES (2,'Amazonas','estado', 1);
INSERT INTO LUGAR (l_id_lugar, l_nombre, l_tipo, lugar_id) VALUES (3,'Anzoátegui','estado', 1);
INSERT INTO LUGAR (l_id_lugar, l_nombre, l_tipo, lugar_id) VALUES (4,'Apure','estado', 1);
INSERT INTO LUGAR (l_id_lugar, l_nombre, l_tipo, lugar_id) VALUES (5,'Aragua','estado', 1);
INSERT INTO LUGAR (l_id_lugar, l_nombre, l_tipo, lugar_id) VALUES (6,'Barinas','estado', 1);
INSERT INTO LUGAR (l_id_lugar, l_nombre, l_tipo, lugar_id) VALUES (7,'Bolívar','estado', 1);
INSERT INTO LUGAR (l_id_lugar, l_nombre, l_tipo, lugar_id) VALUES (8,'Carabobo','estado', 1);
INSERT INTO LUGAR (l_id_lugar, l_nombre, l_tipo, lugar_id) VALUES (9,'Cojedes','estado', 1);
INSERT INTO LUGAR (l_id_lugar, l_nombre, l_tipo, lugar_id) VALUES (10,'Delta Amacuro','estado', 1);
INSERT INTO LUGAR (l_id_lugar, l_nombre, l_tipo, lugar_id) VALUES (11,'Falcón','estado', 1);
INSERT INTO LUGAR (l_id_lugar, l_nombre, l_tipo, lugar_id) VALUES (12,'Guárico','estado', 1);
INSERT INTO LUGAR (l_id_lugar, l_nombre, l_tipo, lugar_id) VALUES (13,'Lara','estado', 1);
INSERT INTO LUGAR (l_id_lugar, l_nombre, l_tipo, lugar_id) VALUES (14,'Mérida','estado', 1);
INSERT INTO LUGAR (l_id_lugar, l_nombre, l_tipo, lugar_id) VALUES (15,'Miranda','estado', 1);
INSERT INTO LUGAR (l_id_lugar, l_nombre, l_tipo, lugar_id) VALUES (16,'Monagas','estado', 1);
INSERT INTO LUGAR (l_id_lugar, l_nombre, l_tipo, lugar_id) VALUES (17,'Nueva Esparta','estado', 1);
INSERT INTO LUGAR (l_id_lugar, l_nombre, l_tipo, lugar_id) VALUES (18,'Portuguesa','estado', 1);
INSERT INTO LUGAR (l_id_lugar, l_nombre, l_tipo, lugar_id) VALUES (19,'Sucre','estado', 1);
INSERT INTO LUGAR (l_id_lugar, l_nombre, l_tipo, lugar_id) VALUES (20,'Táchira','estado', 1);
INSERT INTO LUGAR (l_id_lugar, l_nombre, l_tipo, lugar_id) VALUES (21,'Trujillo','estado', 1);
INSERT INTO LUGAR (l_id_lugar, l_nombre, l_tipo, lugar_id) VALUES (22,'Vargas','estado', 1);
INSERT INTO LUGAR (l_id_lugar, l_nombre, l_tipo, lugar_id) VALUES (23,'Yaracuy','estado', 1);
INSERT INTO LUGAR (l_id_lugar, l_nombre, l_tipo, lugar_id) VALUES (24,'Zulia','estado', 1);
INSERT INTO LUGAR (l_id_lugar, l_nombre, l_tipo, lugar_id) VALUES (25,'Distrito Capital','estado', 1);
INSERT INTO LUGAR (l_id_lugar, l_nombre, l_tipo, lugar_id) VALUES (26,'Dependencias Federales','estado', 1);
INSERT INTO LUGAR (l_id_lugar, l_nombre, l_tipo, lugar_id) VALUES (27,'Alto Orinoco','municipio', 2);
INSERT INTO LUGAR (l_id_lugar, l_nombre, l_tipo, lugar_id) VALUES (28,'Atabapo','municipio', 2);
INSERT INTO LUGAR (l_id_lugar, l_nombre, l_tipo, lugar_id) VALUES (29,'Atures','municipio', 2);
INSERT INTO LUGAR (l_id_lugar, l_nombre, l_tipo, lugar_id) VALUES (30,'Autana','municipio', 2);
INSERT INTO LUGAR (l_id_lugar, l_nombre, l_tipo, lugar_id) VALUES (31,'Manapiare','municipio', 2);
INSERT INTO LUGAR (l_id_lugar, l_nombre, l_tipo, lugar_id) VALUES (32,'Maroa','municipio', 2);
INSERT INTO LUGAR (l_id_lugar, l_nombre, l_tipo, lugar_id) VALUES (33,'Río Negro','municipio', 2);
INSERT INTO LUGAR (l_id_lugar, l_nombre, l_tipo, lugar_id) VALUES (34,'Anaco','municipio', 3);
INSERT INTO LUGAR (l_id_lugar, l_nombre, l_tipo, lugar_id) VALUES (35,'Aragua','municipio', 3);
INSERT INTO LUGAR (l_id_lugar, l_nombre, l_tipo, lugar_id) VALUES (36,'Manuel Ezequiel Bruzual','municipio', 3);
INSERT INTO LUGAR (l_id_lugar, l_nombre, l_tipo, lugar_id) VALUES (37,'Diego Bautista Urbaneja','municipio', 3);
INSERT INTO LUGAR (l_id_lugar, l_nombre, l_tipo, lugar_id) VALUES (38,'Fernando Peñalver','municipio', 3);
INSERT INTO LUGAR (l_id_lugar, l_nombre, l_tipo, lugar_id) VALUES (39,'Francisco Del Carmen Carvajal','municipio', 3);
INSERT INTO LUGAR (l_id_lugar, l_nombre, l_tipo, lugar_id) VALUES (40,'General Sir Arthur McGregor','municipio', 3);
INSERT INTO LUGAR (l_id_lugar, l_nombre, l_tipo, lugar_id) VALUES (41,'Guanta','municipio', 3);
INSERT INTO LUGAR (l_id_lugar, l_nombre, l_tipo, lugar_id) VALUES (42,'Independencia','municipio', 3);
INSERT INTO LUGAR (l_id_lugar, l_nombre, l_tipo, lugar_id) VALUES (43,'José Gregorio Monagas','municipio', 3);
INSERT INTO LUGAR (l_id_lugar, l_nombre, l_tipo, lugar_id) VALUES (44,'Juan Antonio Sotillo','municipio', 3);
INSERT INTO LUGAR (l_id_lugar, l_nombre, l_tipo, lugar_id) VALUES (45,'Juan Manuel Cajigal','municipio', 3);
INSERT INTO LUGAR (l_id_lugar, l_nombre, l_tipo, lugar_id) VALUES (46,'Libertad','municipio', 3);
INSERT INTO LUGAR (l_id_lugar, l_nombre, l_tipo, lugar_id) VALUES (47,'Francisco de Miranda','municipio', 3);
INSERT INTO LUGAR (l_id_lugar, l_nombre, l_tipo, lugar_id) VALUES (48,'Pedro María Freites','municipio', 3);
INSERT INTO LUGAR (l_id_lugar, l_nombre, l_tipo, lugar_id) VALUES (49,'Píritu','municipio', 3);
INSERT INTO LUGAR (l_id_lugar, l_nombre, l_tipo, lugar_id) VALUES (50,'San José de Guanipa','municipio', 3);
INSERT INTO LUGAR (l_id_lugar, l_nombre, l_tipo, lugar_id) VALUES (51,'San Juan de Capistrano','municipio', 3);
INSERT INTO LUGAR (l_id_lugar, l_nombre, l_tipo, lugar_id) VALUES (52,'Santa Ana','municipio', 3);
INSERT INTO LUGAR (l_id_lugar, l_nombre, l_tipo, lugar_id) VALUES (53,'Simón Bolívar','municipio', 3);
INSERT INTO LUGAR (l_id_lugar, l_nombre, l_tipo, lugar_id) VALUES (54,'Simón Rodríguez','municipio', 3);
INSERT INTO LUGAR (l_id_lugar, l_nombre, l_tipo, lugar_id) VALUES (55,'Achaguas','municipio', 4);
INSERT INTO LUGAR (l_id_lugar, l_nombre, l_tipo, lugar_id) VALUES (56,'Biruaca','municipio', 4);
INSERT INTO LUGAR (l_id_lugar, l_nombre, l_tipo, lugar_id) VALUES (57,'Muñóz','municipio', 4);
INSERT INTO LUGAR (l_id_lugar, l_nombre, l_tipo, lugar_id) VALUES (58,'Páez','municipio', 4);
INSERT INTO LUGAR (l_id_lugar, l_nombre, l_tipo, lugar_id) VALUES (59,'Pedro Camejo','municipio', 4);
INSERT INTO LUGAR (l_id_lugar, l_nombre, l_tipo, lugar_id) VALUES (60,'Rómulo Gallegos','municipio', 4);
INSERT INTO LUGAR (l_id_lugar, l_nombre, l_tipo, lugar_id) VALUES (61,'San Fernando','municipio', 4);
INSERT INTO LUGAR (l_id_lugar, l_nombre, l_tipo, lugar_id) VALUES (62,'Atanasio Girardot','municipio', 5);
INSERT INTO LUGAR (l_id_lugar, l_nombre, l_tipo, lugar_id) VALUES (63,'Bolívar','municipio', 5);
INSERT INTO LUGAR (l_id_lugar, l_nombre, l_tipo, lugar_id) VALUES (64,'Camatagua','municipio', 5);
INSERT INTO LUGAR (l_id_lugar, l_nombre, l_tipo, lugar_id) VALUES (65,'Francisco Linares Alcántara','municipio', 5);
INSERT INTO LUGAR (l_id_lugar, l_nombre, l_tipo, lugar_id) VALUES (66,'José Ángel Lamas','municipio', 5);
INSERT INTO LUGAR (l_id_lugar, l_nombre, l_tipo, lugar_id) VALUES (67,'José Félix Ribas','municipio', 5);
INSERT INTO LUGAR (l_id_lugar, l_nombre, l_tipo, lugar_id) VALUES (68,'José Rafael Revenga','municipio', 5);
INSERT INTO LUGAR (l_id_lugar, l_nombre, l_tipo, lugar_id) VALUES (69,'Libertador','municipio', 5);
INSERT INTO LUGAR (l_id_lugar, l_nombre, l_tipo, lugar_id) VALUES (70,'Mario Briceño Iragorry','municipio', 5);
INSERT INTO LUGAR (l_id_lugar, l_nombre, l_tipo, lugar_id) VALUES (71,'Ocumare de la Costa de Oro','municipio', 5);
INSERT INTO LUGAR (l_id_lugar, l_nombre, l_tipo, lugar_id) VALUES (72,'San Casimiro','municipio', 5);
INSERT INTO LUGAR (l_id_lugar, l_nombre, l_tipo, lugar_id) VALUES (73,'San Sebastián','municipio', 5);
INSERT INTO LUGAR (l_id_lugar, l_nombre, l_tipo, lugar_id) VALUES (74,'Santiago Mariño','municipio', 5);
INSERT INTO LUGAR (l_id_lugar, l_nombre, l_tipo, lugar_id) VALUES (75,'Santos Michelena','municipio', 5);
INSERT INTO LUGAR (l_id_lugar, l_nombre, l_tipo, lugar_id) VALUES (76,'Sucre','municipio', 5);
INSERT INTO LUGAR (l_id_lugar, l_nombre, l_tipo, lugar_id) VALUES (77,'Tovar','municipio', 5);
INSERT INTO LUGAR (l_id_lugar, l_nombre, l_tipo, lugar_id) VALUES (78,'Urdaneta','municipio', 5);
INSERT INTO LUGAR (l_id_lugar, l_nombre, l_tipo, lugar_id) VALUES (79,'Zamora','municipio', 5);
INSERT INTO LUGAR (l_id_lugar, l_nombre, l_tipo, lugar_id) VALUES (80,'Alberto Arvelo Torrealba','municipio', 6);
INSERT INTO LUGAR (l_id_lugar, l_nombre, l_tipo, lugar_id) VALUES (81,'Andrés Eloy Blanco','municipio', 6);
INSERT INTO LUGAR (l_id_lugar, l_nombre, l_tipo, lugar_id) VALUES (82,'Antonio José de Sucre','municipio', 6);
INSERT INTO LUGAR (l_id_lugar, l_nombre, l_tipo, lugar_id) VALUES (83,'Arismendi','municipio', 6);
INSERT INTO LUGAR (l_id_lugar, l_nombre, l_tipo, lugar_id) VALUES (84,'Barinas','municipio', 6);
INSERT INTO LUGAR (l_id_lugar, l_nombre, l_tipo, lugar_id) VALUES (85,'Bolívar','municipio', 6);
INSERT INTO LUGAR (l_id_lugar, l_nombre, l_tipo, lugar_id) VALUES (86,'Cruz Paredes','municipio', 6);
INSERT INTO LUGAR (l_id_lugar, l_nombre, l_tipo, lugar_id) VALUES (87,'Ezequiel Zamora','municipio', 6);
INSERT INTO LUGAR (l_id_lugar, l_nombre, l_tipo, lugar_id) VALUES (88,'Obispos','municipio', 6);
INSERT INTO LUGAR (l_id_lugar, l_nombre, l_tipo, lugar_id) VALUES (89,'Pedraza','municipio', 6);
INSERT INTO LUGAR (l_id_lugar, l_nombre, l_tipo, lugar_id) VALUES (90,'Rojas','municipio', 6);
INSERT INTO LUGAR (l_id_lugar, l_nombre, l_tipo, lugar_id) VALUES (91,'Sosa','municipio', 6);
INSERT INTO LUGAR (l_id_lugar, l_nombre, l_tipo, lugar_id) VALUES (92,'Caroní','municipio', 7);
INSERT INTO LUGAR (l_id_lugar, l_nombre, l_tipo, lugar_id) VALUES (93,'Cedeño','municipio', 7);
INSERT INTO LUGAR (l_id_lugar, l_nombre, l_tipo, lugar_id) VALUES (94,'El Callao','municipio', 7);
INSERT INTO LUGAR (l_id_lugar, l_nombre, l_tipo, lugar_id) VALUES (95,'Gran Sabana','municipio', 7);
INSERT INTO LUGAR (l_id_lugar, l_nombre, l_tipo, lugar_id) VALUES (96,'Heres','municipio', 7);
INSERT INTO LUGAR (l_id_lugar, l_nombre, l_tipo, lugar_id) VALUES (97,'Piar','municipio', 7);
INSERT INTO LUGAR (l_id_lugar, l_nombre, l_tipo, lugar_id) VALUES (98,'Angostura (Raúl Leoni)','municipio', 7);
INSERT INTO LUGAR (l_id_lugar, l_nombre, l_tipo, lugar_id) VALUES (99,'Roscio','municipio', 7);
INSERT INTO LUGAR (l_id_lugar, l_nombre, l_tipo, lugar_id) VALUES (100,'Sifontes','municipio', 7);
INSERT INTO LUGAR (l_id_lugar, l_nombre, l_tipo, lugar_id) VALUES (101,'Sucre','municipio', 7);
INSERT INTO LUGAR (l_id_lugar, l_nombre, l_tipo, lugar_id) VALUES (102,'Padre Pedro Chien','municipio', 7);
INSERT INTO LUGAR (l_id_lugar, l_nombre, l_tipo, lugar_id) VALUES (103,'Bejuma','municipio', 8);
INSERT INTO LUGAR (l_id_lugar, l_nombre, l_tipo, lugar_id) VALUES (104,'Carlos Arvelo','municipio', 8);
INSERT INTO LUGAR (l_id_lugar, l_nombre, l_tipo, lugar_id) VALUES (105,'Diego Ibarra','municipio', 8);
INSERT INTO LUGAR (l_id_lugar, l_nombre, l_tipo, lugar_id) VALUES (106,'Guacara','municipio', 8);
INSERT INTO LUGAR (l_id_lugar, l_nombre, l_tipo, lugar_id) VALUES (107,'Juan José Mora','municipio', 8);
INSERT INTO LUGAR (l_id_lugar, l_nombre, l_tipo, lugar_id) VALUES (108,'Libertador','municipio', 8);
INSERT INTO LUGAR (l_id_lugar, l_nombre, l_tipo, lugar_id) VALUES (109,'Los Guayos','municipio', 8);
INSERT INTO LUGAR (l_id_lugar, l_nombre, l_tipo, lugar_id) VALUES (110,'Miranda','municipio', 8);
INSERT INTO LUGAR (l_id_lugar, l_nombre, l_tipo, lugar_id) VALUES (111,'Montalbán','municipio', 8);
INSERT INTO LUGAR (l_id_lugar, l_nombre, l_tipo, lugar_id) VALUES (112,'Naguanagua','municipio', 8);
INSERT INTO LUGAR (l_id_lugar, l_nombre, l_tipo, lugar_id) VALUES (113,'Puerto Cabello','municipio', 8);
INSERT INTO LUGAR (l_id_lugar, l_nombre, l_tipo, lugar_id) VALUES (114,'San Diego','municipio', 8);
INSERT INTO LUGAR (l_id_lugar, l_nombre, l_tipo, lugar_id) VALUES (115,'San Joaquín','municipio', 8);
INSERT INTO LUGAR (l_id_lugar, l_nombre, l_tipo, lugar_id) VALUES (116,'Valencia','municipio', 8);
INSERT INTO LUGAR (l_id_lugar, l_nombre, l_tipo, lugar_id) VALUES (117,'Anzoátegui','municipio', 9);
INSERT INTO LUGAR (l_id_lugar, l_nombre, l_tipo, lugar_id) VALUES (118,'Tinaquillo','municipio', 9);
INSERT INTO LUGAR (l_id_lugar, l_nombre, l_tipo, lugar_id) VALUES (119,'Girardot','municipio', 9);
INSERT INTO LUGAR (l_id_lugar, l_nombre, l_tipo, lugar_id) VALUES (120,'Lima Blanco','municipio', 9);
INSERT INTO LUGAR (l_id_lugar, l_nombre, l_tipo, lugar_id) VALUES (121,'Pao de San Juan Bautista','municipio', 9);
INSERT INTO LUGAR (l_id_lugar, l_nombre, l_tipo, lugar_id) VALUES (122,'Ricaurte','municipio', 9);
INSERT INTO LUGAR (l_id_lugar, l_nombre, l_tipo, lugar_id) VALUES (123,'Rómulo Gallegos','municipio', 9);
INSERT INTO LUGAR (l_id_lugar, l_nombre, l_tipo, lugar_id) VALUES (124,'San Carlos','municipio', 9);
INSERT INTO LUGAR (l_id_lugar, l_nombre, l_tipo, lugar_id) VALUES (125,'Tinaco','municipio', 9);
INSERT INTO LUGAR (l_id_lugar, l_nombre, l_tipo, lugar_id) VALUES (126,'Antonio Díaz','municipio', 10);
INSERT INTO LUGAR (l_id_lugar, l_nombre, l_tipo, lugar_id) VALUES (127,'Casacoima','municipio', 10);
INSERT INTO LUGAR (l_id_lugar, l_nombre, l_tipo, lugar_id) VALUES (128,'Pedernales','municipio', 10);
INSERT INTO LUGAR (l_id_lugar, l_nombre, l_tipo, lugar_id) VALUES (129,'Tucupita','municipio', 10);
INSERT INTO LUGAR (l_id_lugar, l_nombre, l_tipo, lugar_id) VALUES (130,'Acosta','municipio', 11);
INSERT INTO LUGAR (l_id_lugar, l_nombre, l_tipo, lugar_id) VALUES (131,'Bolívar','municipio', 11);
INSERT INTO LUGAR (l_id_lugar, l_nombre, l_tipo, lugar_id) VALUES (132,'Buchivacoa','municipio', 11);
INSERT INTO LUGAR (l_id_lugar, l_nombre, l_tipo, lugar_id) VALUES (133,'Cacique Manaure','municipio', 11);
INSERT INTO LUGAR (l_id_lugar, l_nombre, l_tipo, lugar_id) VALUES (134,'Carirubana','municipio', 11);
INSERT INTO LUGAR (l_id_lugar, l_nombre, l_tipo, lugar_id) VALUES (135,'Colina','municipio', 11);
INSERT INTO LUGAR (l_id_lugar, l_nombre, l_tipo, lugar_id) VALUES (136,'Dabajuro','municipio', 11);
INSERT INTO LUGAR (l_id_lugar, l_nombre, l_tipo, lugar_id) VALUES (137,'Democracia','municipio', 11);
INSERT INTO LUGAR (l_id_lugar, l_nombre, l_tipo, lugar_id) VALUES (138,'Falcón','municipio', 11);
INSERT INTO LUGAR (l_id_lugar, l_nombre, l_tipo, lugar_id) VALUES (139,'Federación','municipio', 11);
INSERT INTO LUGAR (l_id_lugar, l_nombre, l_tipo, lugar_id) VALUES (140,'Jacura','municipio', 11);
INSERT INTO LUGAR (l_id_lugar, l_nombre, l_tipo, lugar_id) VALUES (141,'José Laurencio Silva','municipio', 11);
INSERT INTO LUGAR (l_id_lugar, l_nombre, l_tipo, lugar_id) VALUES (142,'Los Taques','municipio', 11);
INSERT INTO LUGAR (l_id_lugar, l_nombre, l_tipo, lugar_id) VALUES (143,'Mauroa','municipio', 11);
INSERT INTO LUGAR (l_id_lugar, l_nombre, l_tipo, lugar_id) VALUES (144,'Miranda','municipio', 11);
INSERT INTO LUGAR (l_id_lugar, l_nombre, l_tipo, lugar_id) VALUES (145,'Monseñor Iturriza','municipio', 11);
INSERT INTO LUGAR (l_id_lugar, l_nombre, l_tipo, lugar_id) VALUES (146,'Palmasola','municipio', 11);
INSERT INTO LUGAR (l_id_lugar, l_nombre, l_tipo, lugar_id) VALUES (147,'Petit','municipio', 11);
INSERT INTO LUGAR (l_id_lugar, l_nombre, l_tipo, lugar_id) VALUES (148,'Píritu','municipio', 11);
INSERT INTO LUGAR (l_id_lugar, l_nombre, l_tipo, lugar_id) VALUES (149,'San Francisco','municipio', 11);
INSERT INTO LUGAR (l_id_lugar, l_nombre, l_tipo, lugar_id) VALUES (150,'Sucre','municipio', 11);
INSERT INTO LUGAR (l_id_lugar, l_nombre, l_tipo, lugar_id) VALUES (151,'Tocópero','municipio', 11);
INSERT INTO LUGAR (l_id_lugar, l_nombre, l_tipo, lugar_id) VALUES (152,'Unión','municipio', 11);
INSERT INTO LUGAR (l_id_lugar, l_nombre, l_tipo, lugar_id) VALUES (153,'Urumaco','municipio', 11);
INSERT INTO LUGAR (l_id_lugar, l_nombre, l_tipo, lugar_id) VALUES (154,'Zamora','municipio', 11);
INSERT INTO LUGAR (l_id_lugar, l_nombre, l_tipo, lugar_id) VALUES (155,'Camaguán','municipio', 12);
INSERT INTO LUGAR (l_id_lugar, l_nombre, l_tipo, lugar_id) VALUES (156,'Chaguaramas','municipio', 12);
INSERT INTO LUGAR (l_id_lugar, l_nombre, l_tipo, lugar_id) VALUES (157,'El Socorro','municipio', 12);
INSERT INTO LUGAR (l_id_lugar, l_nombre, l_tipo, lugar_id) VALUES (158,'José Félix Ribas','municipio', 12);
INSERT INTO LUGAR (l_id_lugar, l_nombre, l_tipo, lugar_id) VALUES (159,'José Tadeo Monagas','municipio', 12);
INSERT INTO LUGAR (l_id_lugar, l_nombre, l_tipo, lugar_id) VALUES (160,'Juan Germán Roscio','municipio', 12);
INSERT INTO LUGAR (l_id_lugar, l_nombre, l_tipo, lugar_id) VALUES (161,'Julián Mellado','municipio', 12);
INSERT INTO LUGAR (l_id_lugar, l_nombre, l_tipo, lugar_id) VALUES (162,'Las Mercedes','municipio', 12);
INSERT INTO LUGAR (l_id_lugar, l_nombre, l_tipo, lugar_id) VALUES (163,'Leonardo Infante','municipio', 12);
INSERT INTO LUGAR (l_id_lugar, l_nombre, l_tipo, lugar_id) VALUES (164,'Pedro Zaraza','municipio', 12);
INSERT INTO LUGAR (l_id_lugar, l_nombre, l_tipo, lugar_id) VALUES (165,'Ortíz','municipio', 12);
INSERT INTO LUGAR (l_id_lugar, l_nombre, l_tipo, lugar_id) VALUES (166,'San Gerónimo de Guayabal','municipio', 12);
INSERT INTO LUGAR (l_id_lugar, l_nombre, l_tipo, lugar_id) VALUES (167,'San José de Guaribe','municipio', 12);
INSERT INTO LUGAR (l_id_lugar, l_nombre, l_tipo, lugar_id) VALUES (168,'Santa María de Ipire','municipio', 12);
INSERT INTO LUGAR (l_id_lugar, l_nombre, l_tipo, lugar_id) VALUES (169,'Sebastián Francisco de Miranda','municipio', 12);
INSERT INTO LUGAR (l_id_lugar, l_nombre, l_tipo, lugar_id) VALUES (170,'Andrés Eloy Blanco','municipio', 13);
INSERT INTO LUGAR (l_id_lugar, l_nombre, l_tipo, lugar_id) VALUES (171,'Crespo','municipio', 13);
INSERT INTO LUGAR (l_id_lugar, l_nombre, l_tipo, lugar_id) VALUES (172,'Iribarren','municipio', 13);
INSERT INTO LUGAR (l_id_lugar, l_nombre, l_tipo, lugar_id) VALUES (173,'Jiménez','municipio', 13);
INSERT INTO LUGAR (l_id_lugar, l_nombre, l_tipo, lugar_id) VALUES (174,'Morán','municipio', 13);
INSERT INTO LUGAR (l_id_lugar, l_nombre, l_tipo, lugar_id) VALUES (175,'Palavecino','municipio', 13);
INSERT INTO LUGAR (l_id_lugar, l_nombre, l_tipo, lugar_id) VALUES (176,'Simón Planas','municipio', 13);
INSERT INTO LUGAR (l_id_lugar, l_nombre, l_tipo, lugar_id) VALUES (177,'Torres','municipio', 13);
INSERT INTO LUGAR (l_id_lugar, l_nombre, l_tipo, lugar_id) VALUES (178,'Urdaneta','municipio', 13);
INSERT INTO LUGAR (l_id_lugar, l_nombre, l_tipo, lugar_id) VALUES (205,'Alberto Adriani','municipio', 14);
INSERT INTO LUGAR (l_id_lugar, l_nombre, l_tipo, lugar_id) VALUES (206,'Andrés Bello','municipio', 14);
INSERT INTO LUGAR (l_id_lugar, l_nombre, l_tipo, lugar_id) VALUES (207,'Antonio Pinto Salinas','municipio', 14);
INSERT INTO LUGAR (l_id_lugar, l_nombre, l_tipo, lugar_id) VALUES (208,'Aricagua','municipio', 14);
INSERT INTO LUGAR (l_id_lugar, l_nombre, l_tipo, lugar_id) VALUES (209,'Arzobispo Chacón','municipio', 14);
INSERT INTO LUGAR (l_id_lugar, l_nombre, l_tipo, lugar_id) VALUES (210,'Campo Elías','municipio', 14);
INSERT INTO LUGAR (l_id_lugar, l_nombre, l_tipo, lugar_id) VALUES (211,'Caracciolo Parra Olmedo','municipio', 14);
INSERT INTO LUGAR (l_id_lugar, l_nombre, l_tipo, lugar_id) VALUES (212,'Cardenal Quintero','municipio', 14);
INSERT INTO LUGAR (l_id_lugar, l_nombre, l_tipo, lugar_id) VALUES (213,'Guaraque','municipio', 14);
INSERT INTO LUGAR (l_id_lugar, l_nombre, l_tipo, lugar_id) VALUES (214,'Julio César Salas','municipio', 14);
INSERT INTO LUGAR (l_id_lugar, l_nombre, l_tipo, lugar_id) VALUES (215,'Justo Briceño','municipio', 14);
INSERT INTO LUGAR (l_id_lugar, l_nombre, l_tipo, lugar_id) VALUES (216,'Libertador','municipio', 14);
INSERT INTO LUGAR (l_id_lugar, l_nombre, l_tipo, lugar_id) VALUES (217,'Miranda','municipio', 14);
INSERT INTO LUGAR (l_id_lugar, l_nombre, l_tipo, lugar_id) VALUES (218,'Obispo Ramos de Lora','municipio', 14);
INSERT INTO LUGAR (l_id_lugar, l_nombre, l_tipo, lugar_id) VALUES (219,'Padre Noguera','municipio', 14);
INSERT INTO LUGAR (l_id_lugar, l_nombre, l_tipo, lugar_id) VALUES (220,'Pueblo Llano','municipio', 14);
INSERT INTO LUGAR (l_id_lugar, l_nombre, l_tipo, lugar_id) VALUES (221,'Rangel','municipio', 14);
INSERT INTO LUGAR (l_id_lugar, l_nombre, l_tipo, lugar_id) VALUES (222,'Rivas Dávila','municipio', 14);
INSERT INTO LUGAR (l_id_lugar, l_nombre, l_tipo, lugar_id) VALUES (223,'Santos Marquina','municipio', 14);
INSERT INTO LUGAR (l_id_lugar, l_nombre, l_tipo, lugar_id) VALUES (224,'Sucre','municipio', 14);
INSERT INTO LUGAR (l_id_lugar, l_nombre, l_tipo, lugar_id) VALUES (225,'Tovar','municipio', 14);
INSERT INTO LUGAR (l_id_lugar, l_nombre, l_tipo, lugar_id) VALUES (226,'Tulio Febres Cordero','municipio', 14);
INSERT INTO LUGAR (l_id_lugar, l_nombre, l_tipo, lugar_id) VALUES (227,'Zea','municipio', 14);
INSERT INTO LUGAR (l_id_lugar, l_nombre, l_tipo, lugar_id) VALUES (249,'Acevedo','municipio', 15);
INSERT INTO LUGAR (l_id_lugar, l_nombre, l_tipo, lugar_id) VALUES (250,'Andrés Bello','municipio', 15);
INSERT INTO LUGAR (l_id_lugar, l_nombre, l_tipo, lugar_id) VALUES (251,'Baruta','municipio', 15);
INSERT INTO LUGAR (l_id_lugar, l_nombre, l_tipo, lugar_id) VALUES (252,'Brión','municipio', 15);
INSERT INTO LUGAR (l_id_lugar, l_nombre, l_tipo, lugar_id) VALUES (253,'Buroz','municipio', 15);
INSERT INTO LUGAR (l_id_lugar, l_nombre, l_tipo, lugar_id) VALUES (254,'Carrizal','municipio', 15);
INSERT INTO LUGAR (l_id_lugar, l_nombre, l_tipo, lugar_id) VALUES (255,'Chacao','municipio', 15);
INSERT INTO LUGAR (l_id_lugar, l_nombre, l_tipo, lugar_id) VALUES (256,'Cristóbal Rojas','municipio', 15);
INSERT INTO LUGAR (l_id_lugar, l_nombre, l_tipo, lugar_id) VALUES (257,'El Hatillo','municipio', 15);
INSERT INTO LUGAR (l_id_lugar, l_nombre, l_tipo, lugar_id) VALUES (258,'Guaicaipuro','municipio', 15);
INSERT INTO LUGAR (l_id_lugar, l_nombre, l_tipo, lugar_id) VALUES (259,'Independencia','municipio', 15);
INSERT INTO LUGAR (l_id_lugar, l_nombre, l_tipo, lugar_id) VALUES (260,'Lander','municipio', 15);
INSERT INTO LUGAR (l_id_lugar, l_nombre, l_tipo, lugar_id) VALUES (261,'Los Salias','municipio', 15);
INSERT INTO LUGAR (l_id_lugar, l_nombre, l_tipo, lugar_id) VALUES (262,'Páez','municipio', 15);
INSERT INTO LUGAR (l_id_lugar, l_nombre, l_tipo, lugar_id) VALUES (263,'Paz Castillo','municipio', 15);
INSERT INTO LUGAR (l_id_lugar, l_nombre, l_tipo, lugar_id) VALUES (264,'Pedro Gual','municipio', 15);
INSERT INTO LUGAR (l_id_lugar, l_nombre, l_tipo, lugar_id) VALUES (265,'Plaza','municipio', 15);
INSERT INTO LUGAR (l_id_lugar, l_nombre, l_tipo, lugar_id) VALUES (266,'Simón Bolívar','municipio', 15);
INSERT INTO LUGAR (l_id_lugar, l_nombre, l_tipo, lugar_id) VALUES (267,'Sucre','municipio', 15);
INSERT INTO LUGAR (l_id_lugar, l_nombre, l_tipo, lugar_id) VALUES (268,'Urdaneta','municipio', 15);
INSERT INTO LUGAR (l_id_lugar, l_nombre, l_tipo, lugar_id) VALUES (269,'Zamora','municipio', 15);
INSERT INTO LUGAR (l_id_lugar, l_nombre, l_tipo, lugar_id) VALUES (284,'Acosta','municipio', 16);
INSERT INTO LUGAR (l_id_lugar, l_nombre, l_tipo, lugar_id) VALUES (285,'Aguasay','municipio', 16);
INSERT INTO LUGAR (l_id_lugar, l_nombre, l_tipo, lugar_id) VALUES (286,'Bolívar','municipio', 16);
INSERT INTO LUGAR (l_id_lugar, l_nombre, l_tipo, lugar_id) VALUES (287,'Caripe','municipio', 16);
INSERT INTO LUGAR (l_id_lugar, l_nombre, l_tipo, lugar_id) VALUES (288,'Cedeño','municipio', 16);
INSERT INTO LUGAR (l_id_lugar, l_nombre, l_tipo, lugar_id) VALUES (289,'Ezequiel Zamora','municipio', 16);
INSERT INTO LUGAR (l_id_lugar, l_nombre, l_tipo, lugar_id) VALUES (290,'Libertador','municipio', 16);
INSERT INTO LUGAR (l_id_lugar, l_nombre, l_tipo, lugar_id) VALUES (291,'Maturín','municipio', 16);
INSERT INTO LUGAR (l_id_lugar, l_nombre, l_tipo, lugar_id) VALUES (292,'Piar','municipio', 16);
INSERT INTO LUGAR (l_id_lugar, l_nombre, l_tipo, lugar_id) VALUES (293,'Punceres','municipio', 16);
INSERT INTO LUGAR (l_id_lugar, l_nombre, l_tipo, lugar_id) VALUES (294,'Santa Bárbara','municipio', 16);
INSERT INTO LUGAR (l_id_lugar, l_nombre, l_tipo, lugar_id) VALUES (295,'Sotillo','municipio', 16);
INSERT INTO LUGAR (l_id_lugar, l_nombre, l_tipo, lugar_id) VALUES (296,'Uracoa','municipio', 16);
INSERT INTO LUGAR (l_id_lugar, l_nombre, l_tipo, lugar_id) VALUES (297,'Antolín del Campo','municipio', 17);
INSERT INTO LUGAR (l_id_lugar, l_nombre, l_tipo, lugar_id) VALUES (298,'Arismendi','municipio', 17);
INSERT INTO LUGAR (l_id_lugar, l_nombre, l_tipo, lugar_id) VALUES (299,'García','municipio', 17);
INSERT INTO LUGAR (l_id_lugar, l_nombre, l_tipo, lugar_id) VALUES (300,'Gómez','municipio', 17);
INSERT INTO LUGAR (l_id_lugar, l_nombre, l_tipo, lugar_id) VALUES (301,'Maneiro','municipio', 17);
INSERT INTO LUGAR (l_id_lugar, l_nombre, l_tipo, lugar_id) VALUES (302,'Marcano','municipio', 17);
INSERT INTO LUGAR (l_id_lugar, l_nombre, l_tipo, lugar_id) VALUES (303,'Mariño','municipio', 17);
INSERT INTO LUGAR (l_id_lugar, l_nombre, l_tipo, lugar_id) VALUES (304,'Península de Macanao','municipio', 17);
INSERT INTO LUGAR (l_id_lugar, l_nombre, l_tipo, lugar_id) VALUES (305,'Tubores','municipio', 17);
INSERT INTO LUGAR (l_id_lugar, l_nombre, l_tipo, lugar_id) VALUES (306,'Villalba','municipio', 17);
INSERT INTO LUGAR (l_id_lugar, l_nombre, l_tipo, lugar_id) VALUES (307,'Díaz','municipio', 17);
INSERT INTO LUGAR (l_id_lugar, l_nombre, l_tipo, lugar_id) VALUES (308,'Agua Blanca','municipio', 18);
INSERT INTO LUGAR (l_id_lugar, l_nombre, l_tipo, lugar_id) VALUES (309,'Araure','municipio', 18);
INSERT INTO LUGAR (l_id_lugar, l_nombre, l_tipo, lugar_id) VALUES (310,'Esteller','municipio', 18);
INSERT INTO LUGAR (l_id_lugar, l_nombre, l_tipo, lugar_id) VALUES (311,'Guanare','municipio', 18);
INSERT INTO LUGAR (l_id_lugar, l_nombre, l_tipo, lugar_id) VALUES (312,'Guanarito','municipio', 18);
INSERT INTO LUGAR (l_id_lugar, l_nombre, l_tipo, lugar_id) VALUES (313,'Monseñor José Vicente de Unda','municipio', 18);
INSERT INTO LUGAR (l_id_lugar, l_nombre, l_tipo, lugar_id) VALUES (314,'Ospino','municipio', 18);
INSERT INTO LUGAR (l_id_lugar, l_nombre, l_tipo, lugar_id) VALUES (315,'Páez','municipio', 18);
INSERT INTO LUGAR (l_id_lugar, l_nombre, l_tipo, lugar_id) VALUES (316,'Papelón','municipio', 18);
INSERT INTO LUGAR (l_id_lugar, l_nombre, l_tipo, lugar_id) VALUES (317,'San Genaro de Boconoíto','municipio', 18);
INSERT INTO LUGAR (l_id_lugar, l_nombre, l_tipo, lugar_id) VALUES (318,'San Rafael de Onoto','municipio', 18);
INSERT INTO LUGAR (l_id_lugar, l_nombre, l_tipo, lugar_id) VALUES (319,'Santa Rosalía','municipio', 18);
INSERT INTO LUGAR (l_id_lugar, l_nombre, l_tipo, lugar_id) VALUES (320,'Sucre','municipio', 18);
INSERT INTO LUGAR (l_id_lugar, l_nombre, l_tipo, lugar_id) VALUES (321,'Turén','municipio', 18);
INSERT INTO LUGAR (l_id_lugar, l_nombre, l_tipo, lugar_id) VALUES (322,'Andrés Eloy Blanco','municipio', 19);
INSERT INTO LUGAR (l_id_lugar, l_nombre, l_tipo, lugar_id) VALUES (323,'Andrés Mata','municipio', 19);
INSERT INTO LUGAR (l_id_lugar, l_nombre, l_tipo, lugar_id) VALUES (324,'Arismendi','municipio', 19);
INSERT INTO LUGAR (l_id_lugar, l_nombre, l_tipo, lugar_id) VALUES (325,'Benítez','municipio', 19);
INSERT INTO LUGAR (l_id_lugar, l_nombre, l_tipo, lugar_id) VALUES (326,'Bermúdez','municipio', 19);
INSERT INTO LUGAR (l_id_lugar, l_nombre, l_tipo, lugar_id) VALUES (327,'Bolívar','municipio', 19);
INSERT INTO LUGAR (l_id_lugar, l_nombre, l_tipo, lugar_id) VALUES (328,'Cajigal','municipio', 19);
INSERT INTO LUGAR (l_id_lugar, l_nombre, l_tipo, lugar_id) VALUES (329,'Cruz Salmerón Acosta','municipio', 19);
INSERT INTO LUGAR (l_id_lugar, l_nombre, l_tipo, lugar_id) VALUES (330,'Libertador','municipio', 19);
INSERT INTO LUGAR (l_id_lugar, l_nombre, l_tipo, lugar_id) VALUES (331,'Mariño','municipio', 19);
INSERT INTO LUGAR (l_id_lugar, l_nombre, l_tipo, lugar_id) VALUES (332,'Mejía','municipio', 19);
INSERT INTO LUGAR (l_id_lugar, l_nombre, l_tipo, lugar_id) VALUES (333,'Montes','municipio', 19);
INSERT INTO LUGAR (l_id_lugar, l_nombre, l_tipo, lugar_id) VALUES (334,'Ribero','municipio', 19);
INSERT INTO LUGAR (l_id_lugar, l_nombre, l_tipo, lugar_id) VALUES (335,'Sucre','municipio', 19);
INSERT INTO LUGAR (l_id_lugar, l_nombre, l_tipo, lugar_id) VALUES (336,'Valdéz','municipio', 19);
INSERT INTO LUGAR (l_id_lugar, l_nombre, l_tipo, lugar_id) VALUES (367,'Andrés Bello','municipio', 20);
INSERT INTO LUGAR (l_id_lugar, l_nombre, l_tipo, lugar_id) VALUES (368,'Antonio Rómulo Costa','municipio', 20);
INSERT INTO LUGAR (l_id_lugar, l_nombre, l_tipo, lugar_id) VALUES (369,'Ayacucho','municipio', 20);
INSERT INTO LUGAR (l_id_lugar, l_nombre, l_tipo, lugar_id) VALUES (370,'Bolívar','municipio', 20);
INSERT INTO LUGAR (l_id_lugar, l_nombre, l_tipo, lugar_id) VALUES (371,'Cárdenas','municipio', 20);
INSERT INTO LUGAR (l_id_lugar, l_nombre, l_tipo, lugar_id) VALUES (372,'Córdoba','municipio', 20);
INSERT INTO LUGAR (l_id_lugar, l_nombre, l_tipo, lugar_id) VALUES (373,'Fernández Feo','municipio', 20);
INSERT INTO LUGAR (l_id_lugar, l_nombre, l_tipo, lugar_id) VALUES (374,'Francisco de Miranda','municipio', 20);
INSERT INTO LUGAR (l_id_lugar, l_nombre, l_tipo, lugar_id) VALUES (375,'García de Hevia','municipio', 20);
INSERT INTO LUGAR (l_id_lugar, l_nombre, l_tipo, lugar_id) VALUES (376,'Guásimos','municipio', 20);
INSERT INTO LUGAR (l_id_lugar, l_nombre, l_tipo, lugar_id) VALUES (377,'Independencia','municipio', 20);
INSERT INTO LUGAR (l_id_lugar, l_nombre, l_tipo, lugar_id) VALUES (378,'Jáuregui','municipio', 20);
INSERT INTO LUGAR (l_id_lugar, l_nombre, l_tipo, lugar_id) VALUES (379,'José María Vargas','municipio', 20);
INSERT INTO LUGAR (l_id_lugar, l_nombre, l_tipo, lugar_id) VALUES (380,'Junín','municipio', 20);
INSERT INTO LUGAR (l_id_lugar, l_nombre, l_tipo, lugar_id) VALUES (381,'Libertad','municipio', 20);
INSERT INTO LUGAR (l_id_lugar, l_nombre, l_tipo, lugar_id) VALUES (382,'Libertador','municipio', 20);
INSERT INTO LUGAR (l_id_lugar, l_nombre, l_tipo, lugar_id) VALUES (383,'Lobatera','municipio', 20);
INSERT INTO LUGAR (l_id_lugar, l_nombre, l_tipo, lugar_id) VALUES (384,'Michelena','municipio', 20);
INSERT INTO LUGAR (l_id_lugar, l_nombre, l_tipo, lugar_id) VALUES (385,'Panamericano','municipio', 20);
INSERT INTO LUGAR (l_id_lugar, l_nombre, l_tipo, lugar_id) VALUES (386,'Pedro María Ureña','municipio', 20);
INSERT INTO LUGAR (l_id_lugar, l_nombre, l_tipo, lugar_id) VALUES (387,'Rafael Urdaneta','municipio', 20);
INSERT INTO LUGAR (l_id_lugar, l_nombre, l_tipo, lugar_id) VALUES (388,'Samuel Darío Maldonado','municipio', 20);
INSERT INTO LUGAR (l_id_lugar, l_nombre, l_tipo, lugar_id) VALUES (389,'San Cristóbal','municipio', 20);
INSERT INTO LUGAR (l_id_lugar, l_nombre, l_tipo, lugar_id) VALUES (390,'Seboruco','municipio', 20);
INSERT INTO LUGAR (l_id_lugar, l_nombre, l_tipo, lugar_id) VALUES (391,'Simón Rodríguez','municipio', 20);
INSERT INTO LUGAR (l_id_lugar, l_nombre, l_tipo, lugar_id) VALUES (392,'Sucre','municipio', 20);
INSERT INTO LUGAR (l_id_lugar, l_nombre, l_tipo, lugar_id) VALUES (393,'Torbes','municipio', 20);
INSERT INTO LUGAR (l_id_lugar, l_nombre, l_tipo, lugar_id) VALUES (394,'Uribante','municipio', 20);
INSERT INTO LUGAR (l_id_lugar, l_nombre, l_tipo, lugar_id) VALUES (395,'San Judas Tadeo','municipio', 20);
INSERT INTO LUGAR (l_id_lugar, l_nombre, l_tipo, lugar_id) VALUES (396,'Andrés Bello','municipio', 21);
INSERT INTO LUGAR (l_id_lugar, l_nombre, l_tipo, lugar_id) VALUES (397,'Boconó','municipio', 21);
INSERT INTO LUGAR (l_id_lugar, l_nombre, l_tipo, lugar_id) VALUES (398,'Bolívar','municipio', 21);
INSERT INTO LUGAR (l_id_lugar, l_nombre, l_tipo, lugar_id) VALUES (399,'Candelaria','municipio', 21);
INSERT INTO LUGAR (l_id_lugar, l_nombre, l_tipo, lugar_id) VALUES (400,'Carache','municipio', 21);
INSERT INTO LUGAR (l_id_lugar, l_nombre, l_tipo, lugar_id) VALUES (401,'Escuque','municipio', 21);
INSERT INTO LUGAR (l_id_lugar, l_nombre, l_tipo, lugar_id) VALUES (402,'José Felipe Márquez Cañizalez','municipio', 21);
INSERT INTO LUGAR (l_id_lugar, l_nombre, l_tipo, lugar_id) VALUES (403,'Juan Vicente Campos Elías','municipio', 21);
INSERT INTO LUGAR (l_id_lugar, l_nombre, l_tipo, lugar_id) VALUES (404,'La Ceiba','municipio', 21);
INSERT INTO LUGAR (l_id_lugar, l_nombre, l_tipo, lugar_id) VALUES (405,'Miranda','municipio', 21);
INSERT INTO LUGAR (l_id_lugar, l_nombre, l_tipo, lugar_id) VALUES (406,'Monte Carmelo','municipio', 21);
INSERT INTO LUGAR (l_id_lugar, l_nombre, l_tipo, lugar_id) VALUES (407,'Motatán','municipio', 21);
INSERT INTO LUGAR (l_id_lugar, l_nombre, l_tipo, lugar_id) VALUES (408,'Pampán','municipio', 21);
INSERT INTO LUGAR (l_id_lugar, l_nombre, l_tipo, lugar_id) VALUES (409,'Pampanito','municipio', 21);
INSERT INTO LUGAR (l_id_lugar, l_nombre, l_tipo, lugar_id) VALUES (410,'Rafael Rangel','municipio', 21);
INSERT INTO LUGAR (l_id_lugar, l_nombre, l_tipo, lugar_id) VALUES (411,'San Rafael de Carvajal','municipio', 21);
INSERT INTO LUGAR (l_id_lugar, l_nombre, l_tipo, lugar_id) VALUES (412,'Sucre','municipio', 21);
INSERT INTO LUGAR (l_id_lugar, l_nombre, l_tipo, lugar_id) VALUES (413,'Trujillo','municipio', 21);
INSERT INTO LUGAR (l_id_lugar, l_nombre, l_tipo, lugar_id) VALUES (414,'Urdaneta','municipio', 21);
INSERT INTO LUGAR (l_id_lugar, l_nombre, l_tipo, lugar_id) VALUES (415,'Valera','municipio', 21);
INSERT INTO LUGAR (l_id_lugar, l_nombre, l_tipo, lugar_id) VALUES (416,'Vargas','municipio', 22);
INSERT INTO LUGAR (l_id_lugar, l_nombre, l_tipo, lugar_id) VALUES (417,'Arístides Bastidas','municipio', 23);
INSERT INTO LUGAR (l_id_lugar, l_nombre, l_tipo, lugar_id) VALUES (418,'Bolívar','municipio', 23);
INSERT INTO LUGAR (l_id_lugar, l_nombre, l_tipo, lugar_id) VALUES (433,'Bruzual','municipio', 23);
INSERT INTO LUGAR (l_id_lugar, l_nombre, l_tipo, lugar_id) VALUES (434,'Cocorote','municipio', 23);
INSERT INTO LUGAR (l_id_lugar, l_nombre, l_tipo, lugar_id) VALUES (435,'Independencia','municipio', 23);
INSERT INTO LUGAR (l_id_lugar, l_nombre, l_tipo, lugar_id) VALUES (436,'José Antonio Páez','municipio', 23);
INSERT INTO LUGAR (l_id_lugar, l_nombre, l_tipo, lugar_id) VALUES (437,'La Trinidad','municipio', 23);
INSERT INTO LUGAR (l_id_lugar, l_nombre, l_tipo, lugar_id) VALUES (438,'Manuel Monge','municipio', 23);
INSERT INTO LUGAR (l_id_lugar, l_nombre, l_tipo, lugar_id) VALUES (439,'Nirgua','municipio', 23);
INSERT INTO LUGAR (l_id_lugar, l_nombre, l_tipo, lugar_id) VALUES (440,'Peña','municipio', 23);
INSERT INTO LUGAR (l_id_lugar, l_nombre, l_tipo, lugar_id) VALUES (441,'San Felipe','municipio', 23);
INSERT INTO LUGAR (l_id_lugar, l_nombre, l_tipo, lugar_id) VALUES (442,'Sucre','municipio', 23);
INSERT INTO LUGAR (l_id_lugar, l_nombre, l_tipo, lugar_id) VALUES (443,'Urachiche','municipio', 23);
INSERT INTO LUGAR (l_id_lugar, l_nombre, l_tipo, lugar_id) VALUES (444,'José Joaquín Veroes','municipio', 23);
INSERT INTO LUGAR (l_id_lugar, l_nombre, l_tipo, lugar_id) VALUES (467,'Almirante Padilla','municipio', 24);
INSERT INTO LUGAR (l_id_lugar, l_nombre, l_tipo, lugar_id) VALUES (468,'Baralt','municipio', 24);
INSERT INTO LUGAR (l_id_lugar, l_nombre, l_tipo, lugar_id) VALUES (469,'Cabimas','municipio', 24);
INSERT INTO LUGAR (l_id_lugar, l_nombre, l_tipo, lugar_id) VALUES (470,'Catatumbo','municipio', 24);
INSERT INTO LUGAR (l_id_lugar, l_nombre, l_tipo, lugar_id) VALUES (471,'Colón','municipio', 24);
INSERT INTO LUGAR (l_id_lugar, l_nombre, l_tipo, lugar_id) VALUES (472,'Francisco Javier Pulgar','municipio', 24);
INSERT INTO LUGAR (l_id_lugar, l_nombre, l_tipo, lugar_id) VALUES (473,'Páez','municipio', 24);
INSERT INTO LUGAR (l_id_lugar, l_nombre, l_tipo, lugar_id) VALUES (474,'Jesús Enrique Losada','municipio', 24);
INSERT INTO LUGAR (l_id_lugar, l_nombre, l_tipo, lugar_id) VALUES (475,'Jesús María Semprún','municipio', 24);
INSERT INTO LUGAR (l_id_lugar, l_nombre, l_tipo, lugar_id) VALUES (476,'La Cañada de Urdaneta','municipio', 24);
INSERT INTO LUGAR (l_id_lugar, l_nombre, l_tipo, lugar_id) VALUES (477,'Lagunillas','municipio', 24);
INSERT INTO LUGAR (l_id_lugar, l_nombre, l_tipo, lugar_id) VALUES (478,'Machiques de Perijá','municipio', 24);
INSERT INTO LUGAR (l_id_lugar, l_nombre, l_tipo, lugar_id) VALUES (479,'Mara','municipio', 24);
INSERT INTO LUGAR (l_id_lugar, l_nombre, l_tipo, lugar_id) VALUES (480,'Maracaibo','municipio', 24);
INSERT INTO LUGAR (l_id_lugar, l_nombre, l_tipo, lugar_id) VALUES (481,'Miranda','municipio', 24);
INSERT INTO LUGAR (l_id_lugar, l_nombre, l_tipo, lugar_id) VALUES (482,'Rosario de Perijá','municipio', 24);
INSERT INTO LUGAR (l_id_lugar, l_nombre, l_tipo, lugar_id) VALUES (483,'San Francisco','municipio', 24);
INSERT INTO LUGAR (l_id_lugar, l_nombre, l_tipo, lugar_id) VALUES (484,'Santa Rita','municipio', 24);
INSERT INTO LUGAR (l_id_lugar, l_nombre, l_tipo, lugar_id) VALUES (485,'Simón Bolívar','municipio', 24);
INSERT INTO LUGAR (l_id_lugar, l_nombre, l_tipo, lugar_id) VALUES (486,'Sucre','municipio', 24);
INSERT INTO LUGAR (l_id_lugar, l_nombre, l_tipo, lugar_id) VALUES (487,'Valmore Rodríguez','municipio', 24);
INSERT INTO LUGAR (l_id_lugar, l_nombre, l_tipo, lugar_id) VALUES (488,'Libertador','municipio', 25);
INSERT INTO LUGAR (l_id_lugar, l_nombre, l_tipo, lugar_id) VALUES (489,'Alto Orinoco','parroquia', 27);
INSERT INTO LUGAR (l_id_lugar, l_nombre, l_tipo, lugar_id) VALUES (490,'Huachamacare Acanaña','parroquia', 27);
INSERT INTO LUGAR (l_id_lugar, l_nombre, l_tipo, lugar_id) VALUES (491,'Marawaka Toky Shamanaña','parroquia', 27);
INSERT INTO LUGAR (l_id_lugar, l_nombre, l_tipo, lugar_id) VALUES (492,'Mavaka Mavaka','parroquia', 27);
INSERT INTO LUGAR (l_id_lugar, l_nombre, l_tipo, lugar_id) VALUES (493,'Sierra Parima Parimabé','parroquia', 27);
INSERT INTO LUGAR (l_id_lugar, l_nombre, l_tipo, lugar_id) VALUES (494,'Ucata Laja Lisa','parroquia', 28);
INSERT INTO LUGAR (l_id_lugar, l_nombre, l_tipo, lugar_id) VALUES (495,'Yapacana Macuruco','parroquia', 28);
INSERT INTO LUGAR (l_id_lugar, l_nombre, l_tipo, lugar_id) VALUES (496,'Caname Guarinuma','parroquia', 28);
INSERT INTO LUGAR (l_id_lugar, l_nombre, l_tipo, lugar_id) VALUES (497,'Fernando Girón Tovar','parroquia', 29);
INSERT INTO LUGAR (l_id_lugar, l_nombre, l_tipo, lugar_id) VALUES (498,'Luis Alberto Gómez','parroquia', 29);
INSERT INTO LUGAR (l_id_lugar, l_nombre, l_tipo, lugar_id) VALUES (499,'Pahueña Limón de Parhueña','parroquia', 29);
INSERT INTO LUGAR (l_id_lugar, l_nombre, l_tipo, lugar_id) VALUES (500,'Platanillal Platanillal','parroquia', 29);
INSERT INTO LUGAR (l_id_lugar, l_nombre, l_tipo, lugar_id) VALUES (501,'Samariapo','parroquia', 30);
INSERT INTO LUGAR (l_id_lugar, l_nombre, l_tipo, lugar_id) VALUES (502,'Sipapo','parroquia', 30);
INSERT INTO LUGAR (l_id_lugar, l_nombre, l_tipo, lugar_id) VALUES (503,'Munduapo','parroquia', 30);
INSERT INTO LUGAR (l_id_lugar, l_nombre, l_tipo, lugar_id) VALUES (504,'Guayapo','parroquia', 30);
INSERT INTO LUGAR (l_id_lugar, l_nombre, l_tipo, lugar_id) VALUES (505,'Alto Ventuari','parroquia', 31);
INSERT INTO LUGAR (l_id_lugar, l_nombre, l_tipo, lugar_id) VALUES (506,'Medio Ventuari','parroquia', 31);
INSERT INTO LUGAR (l_id_lugar, l_nombre, l_tipo, lugar_id) VALUES (507,'Bajo Ventuari','parroquia', 31);
INSERT INTO LUGAR (l_id_lugar, l_nombre, l_tipo, lugar_id) VALUES (508,'Victorino','parroquia', 32);
INSERT INTO LUGAR (l_id_lugar, l_nombre, l_tipo, lugar_id) VALUES (509,'Comunidad','parroquia', 32);
INSERT INTO LUGAR (l_id_lugar, l_nombre, l_tipo, lugar_id) VALUES (510,'Casiquiare','parroquia', 33);
INSERT INTO LUGAR (l_id_lugar, l_nombre, l_tipo, lugar_id) VALUES (511,'Cocuy','parroquia', 33);
INSERT INTO LUGAR (l_id_lugar, l_nombre, l_tipo, lugar_id) VALUES (512,'San Carlos de Río Negro','parroquia', 33);
INSERT INTO LUGAR (l_id_lugar, l_nombre, l_tipo, lugar_id) VALUES (513,'Solano','parroquia', 33);
INSERT INTO LUGAR (l_id_lugar, l_nombre, l_tipo, lugar_id) VALUES (514,'Anaco','parroquia', 34);
INSERT INTO LUGAR (l_id_lugar, l_nombre, l_tipo, lugar_id) VALUES (515,'San Joaquín','parroquia', 34);
INSERT INTO LUGAR (l_id_lugar, l_nombre, l_tipo, lugar_id) VALUES (516,'Cachipo','parroquia', 35);
INSERT INTO LUGAR (l_id_lugar, l_nombre, l_tipo, lugar_id) VALUES (517,'Aragua de Barcelona','parroquia', 35);
INSERT INTO LUGAR (l_id_lugar, l_nombre, l_tipo, lugar_id) VALUES (518,'Lechería','parroquia', 37);
INSERT INTO LUGAR (l_id_lugar, l_nombre, l_tipo, lugar_id) VALUES (519,'El Morro','parroquia', 37);
INSERT INTO LUGAR (l_id_lugar, l_nombre, l_tipo, lugar_id) VALUES (520,'Puerto Píritu','parroquia', 38);
INSERT INTO LUGAR (l_id_lugar, l_nombre, l_tipo, lugar_id) VALUES (521,'San Miguel','parroquia', 38);
INSERT INTO LUGAR (l_id_lugar, l_nombre, l_tipo, lugar_id) VALUES (522,'Sucre','parroquia', 38);
INSERT INTO LUGAR (l_id_lugar, l_nombre, l_tipo, lugar_id) VALUES (523,'Valle de Guanape','parroquia', 39);
INSERT INTO LUGAR (l_id_lugar, l_nombre, l_tipo, lugar_id) VALUES (524,'Santa Bárbara','parroquia', 39);
INSERT INTO LUGAR (l_id_lugar, l_nombre, l_tipo, lugar_id) VALUES (525,'El Chaparro','parroquia', 40);
INSERT INTO LUGAR (l_id_lugar, l_nombre, l_tipo, lugar_id) VALUES (526,'Tomás Alfaro','parroquia', 40);
INSERT INTO LUGAR (l_id_lugar, l_nombre, l_tipo, lugar_id) VALUES (527,'Calatrava','parroquia', 40);
INSERT INTO LUGAR (l_id_lugar, l_nombre, l_tipo, lugar_id) VALUES (528,'Guanta','parroquia', 41);
INSERT INTO LUGAR (l_id_lugar, l_nombre, l_tipo, lugar_id) VALUES (529,'Chorrerón','parroquia', 41);
INSERT INTO LUGAR (l_id_lugar, l_nombre, l_tipo, lugar_id) VALUES (530,'Mamo','parroquia', 42);
INSERT INTO LUGAR (l_id_lugar, l_nombre, l_tipo, lugar_id) VALUES (531,'Soledad','parroquia', 42);
INSERT INTO LUGAR (l_id_lugar, l_nombre, l_tipo, lugar_id) VALUES (532,'Mapire','parroquia', 43);
INSERT INTO LUGAR (l_id_lugar, l_nombre, l_tipo, lugar_id) VALUES (533,'Piar','parroquia', 43);
INSERT INTO LUGAR (l_id_lugar, l_nombre, l_tipo, lugar_id) VALUES (534,'Santa Clara','parroquia', 43);
INSERT INTO LUGAR (l_id_lugar, l_nombre, l_tipo, lugar_id) VALUES (535,'San Diego de Cabrutica','parroquia', 43);
INSERT INTO LUGAR (l_id_lugar, l_nombre, l_tipo, lugar_id) VALUES (536,'Uverito','parroquia', 43);
INSERT INTO LUGAR (l_id_lugar, l_nombre, l_tipo, lugar_id) VALUES (537,'Zuata','parroquia', 43);
INSERT INTO LUGAR (l_id_lugar, l_nombre, l_tipo, lugar_id) VALUES (538,'Puerto La Cruz','parroquia', 44);
INSERT INTO LUGAR (l_id_lugar, l_nombre, l_tipo, lugar_id) VALUES (539,'Pozuelos','parroquia', 44);
INSERT INTO LUGAR (l_id_lugar, l_nombre, l_tipo, lugar_id) VALUES (540,'Onoto','parroquia', 45);
INSERT INTO LUGAR (l_id_lugar, l_nombre, l_tipo, lugar_id) VALUES (541,'San Pablo','parroquia', 45);
INSERT INTO LUGAR (l_id_lugar, l_nombre, l_tipo, lugar_id) VALUES (542,'San Mateo','parroquia', 46);
INSERT INTO LUGAR (l_id_lugar, l_nombre, l_tipo, lugar_id) VALUES (543,'El Carito','parroquia', 46);
INSERT INTO LUGAR (l_id_lugar, l_nombre, l_tipo, lugar_id) VALUES (544,'Santa Inés','parroquia', 46);
INSERT INTO LUGAR (l_id_lugar, l_nombre, l_tipo, lugar_id) VALUES (545,'La Romereña','parroquia', 46);
INSERT INTO LUGAR (l_id_lugar, l_nombre, l_tipo, lugar_id) VALUES (546,'Atapirire','parroquia', 47);
INSERT INTO LUGAR (l_id_lugar, l_nombre, l_tipo, lugar_id) VALUES (547,'Boca del Pao','parroquia', 47);
INSERT INTO LUGAR (l_id_lugar, l_nombre, l_tipo, lugar_id) VALUES (548,'El Pao','parroquia', 47);
INSERT INTO LUGAR (l_id_lugar, l_nombre, l_tipo, lugar_id) VALUES (549,'Pariaguán','parroquia', 47);
INSERT INTO LUGAR (l_id_lugar, l_nombre, l_tipo, lugar_id) VALUES (550,'Cantaura','parroquia', 48);
INSERT INTO LUGAR (l_id_lugar, l_nombre, l_tipo, lugar_id) VALUES (551,'Libertador','parroquia', 48);
INSERT INTO LUGAR (l_id_lugar, l_nombre, l_tipo, lugar_id) VALUES (552,'Santa Rosa','parroquia', 48);
INSERT INTO LUGAR (l_id_lugar, l_nombre, l_tipo, lugar_id) VALUES (553,'Urica','parroquia', 48);
INSERT INTO LUGAR (l_id_lugar, l_nombre, l_tipo, lugar_id) VALUES (554,'Píritu','parroquia', 49);
INSERT INTO LUGAR (l_id_lugar, l_nombre, l_tipo, lugar_id) VALUES (555,'San Francisco','parroquia', 49);
INSERT INTO LUGAR (l_id_lugar, l_nombre, l_tipo, lugar_id) VALUES (556,'San José de Guanipa','parroquia', 50);
INSERT INTO LUGAR (l_id_lugar, l_nombre, l_tipo, lugar_id) VALUES (557,'Boca de Uchire','parroquia', 51);
INSERT INTO LUGAR (l_id_lugar, l_nombre, l_tipo, lugar_id) VALUES (558,'Boca de Chávez','parroquia', 51);
INSERT INTO LUGAR (l_id_lugar, l_nombre, l_tipo, lugar_id) VALUES (559,'Pueblo Nuevo','parroquia', 52);
INSERT INTO LUGAR (l_id_lugar, l_nombre, l_tipo, lugar_id) VALUES (560,'Santa Ana','parroquia', 52);
INSERT INTO LUGAR (l_id_lugar, l_nombre, l_tipo, lugar_id) VALUES (561,'Bergantín','parroquia', 53);
INSERT INTO LUGAR (l_id_lugar, l_nombre, l_tipo, lugar_id) VALUES (562,'Caigua','parroquia', 53);
INSERT INTO LUGAR (l_id_lugar, l_nombre, l_tipo, lugar_id) VALUES (563,'El Carmen','parroquia', 53);
INSERT INTO LUGAR (l_id_lugar, l_nombre, l_tipo, lugar_id) VALUES (564,'El Pilar','parroquia', 53);
INSERT INTO LUGAR (l_id_lugar, l_nombre, l_tipo, lugar_id) VALUES (565,'Naricual','parroquia', 53);
INSERT INTO LUGAR (l_id_lugar, l_nombre, l_tipo, lugar_id) VALUES (566,'San Crsitóbal','parroquia', 53);
INSERT INTO LUGAR (l_id_lugar, l_nombre, l_tipo, lugar_id) VALUES (567,'Edmundo Barrios','parroquia', 54);
INSERT INTO LUGAR (l_id_lugar, l_nombre, l_tipo, lugar_id) VALUES (568,'Miguel Otero Silva','parroquia', 54);
INSERT INTO LUGAR (l_id_lugar, l_nombre, l_tipo, lugar_id) VALUES (569,'Achaguas','parroquia', 55);
INSERT INTO LUGAR (l_id_lugar, l_nombre, l_tipo, lugar_id) VALUES (570,'Apurito','parroquia', 55);
INSERT INTO LUGAR (l_id_lugar, l_nombre, l_tipo, lugar_id) VALUES (571,'El Yagual','parroquia', 55);
INSERT INTO LUGAR (l_id_lugar, l_nombre, l_tipo, lugar_id) VALUES (572,'Guachara','parroquia', 55);
INSERT INTO LUGAR (l_id_lugar, l_nombre, l_tipo, lugar_id) VALUES (573,'Mucuritas','parroquia', 55);
INSERT INTO LUGAR (l_id_lugar, l_nombre, l_tipo, lugar_id) VALUES (574,'Queseras del medio','parroquia', 55);
INSERT INTO LUGAR (l_id_lugar, l_nombre, l_tipo, lugar_id) VALUES (575,'Biruaca','parroquia', 56);
INSERT INTO LUGAR (l_id_lugar, l_nombre, l_tipo, lugar_id) VALUES (576,'Bruzual','parroquia', 57);
INSERT INTO LUGAR (l_id_lugar, l_nombre, l_tipo, lugar_id) VALUES (577,'Mantecal','parroquia', 57);
INSERT INTO LUGAR (l_id_lugar, l_nombre, l_tipo, lugar_id) VALUES (578,'Quintero','parroquia', 57);
INSERT INTO LUGAR (l_id_lugar, l_nombre, l_tipo, lugar_id) VALUES (579,'Rincón Hondo','parroquia', 57);
INSERT INTO LUGAR (l_id_lugar, l_nombre, l_tipo, lugar_id) VALUES (580,'San Vicente','parroquia', 57);
INSERT INTO LUGAR (l_id_lugar, l_nombre, l_tipo, lugar_id) VALUES (581,'Guasdualito','parroquia', 58);
INSERT INTO LUGAR (l_id_lugar, l_nombre, l_tipo, lugar_id) VALUES (582,'Aramendi','parroquia', 58);
INSERT INTO LUGAR (l_id_lugar, l_nombre, l_tipo, lugar_id) VALUES (583,'El Amparo','parroquia', 58);
INSERT INTO LUGAR (l_id_lugar, l_nombre, l_tipo, lugar_id) VALUES (584,'San Camilo','parroquia', 58);
INSERT INTO LUGAR (l_id_lugar, l_nombre, l_tipo, lugar_id) VALUES (585,'Urdaneta','parroquia', 58);
INSERT INTO LUGAR (l_id_lugar, l_nombre, l_tipo, lugar_id) VALUES (586,'San Juan de Payara','parroquia', 59);
INSERT INTO LUGAR (l_id_lugar, l_nombre, l_tipo, lugar_id) VALUES (587,'Codazzi','parroquia', 59);
INSERT INTO LUGAR (l_id_lugar, l_nombre, l_tipo, lugar_id) VALUES (588,'Cunaviche','parroquia', 59);
INSERT INTO LUGAR (l_id_lugar, l_nombre, l_tipo, lugar_id) VALUES (589,'Elorza','parroquia', 60);
INSERT INTO LUGAR (l_id_lugar, l_nombre, l_tipo, lugar_id) VALUES (590,'La Trinidad','parroquia', 60);
INSERT INTO LUGAR (l_id_lugar, l_nombre, l_tipo, lugar_id) VALUES (591,'San Fernando','parroquia', 61);
INSERT INTO LUGAR (l_id_lugar, l_nombre, l_tipo, lugar_id) VALUES (592,'El Recreo','parroquia', 61);
INSERT INTO LUGAR (l_id_lugar, l_nombre, l_tipo, lugar_id) VALUES (593,'Peñalver','parroquia', 61);
INSERT INTO LUGAR (l_id_lugar, l_nombre, l_tipo, lugar_id) VALUES (594,'San Rafael de Atamaica','parroquia', 61);
INSERT INTO LUGAR (l_id_lugar, l_nombre, l_tipo, lugar_id) VALUES (595,'Pedro José Ovalles','parroquia', 62);
INSERT INTO LUGAR (l_id_lugar, l_nombre, l_tipo, lugar_id) VALUES (596,'Joaquín Crespo','parroquia', 62);
INSERT INTO LUGAR (l_id_lugar, l_nombre, l_tipo, lugar_id) VALUES (597,'José Casanova Godoy','parroquia', 62);
INSERT INTO LUGAR (l_id_lugar, l_nombre, l_tipo, lugar_id) VALUES (598,'Madre María de San José','parroquia', 62);
INSERT INTO LUGAR (l_id_lugar, l_nombre, l_tipo, lugar_id) VALUES (599,'Andrés Eloy Blanco','parroquia', 62);
INSERT INTO LUGAR (l_id_lugar, l_nombre, l_tipo, lugar_id) VALUES (600,'Los Tacarigua','parroquia', 62);
INSERT INTO LUGAR (l_id_lugar, l_nombre, l_tipo, lugar_id) VALUES (601,'Las Delicias','parroquia', 62);
INSERT INTO LUGAR (l_id_lugar, l_nombre, l_tipo, lugar_id) VALUES (602,'Choroní','parroquia', 62);
INSERT INTO LUGAR (l_id_lugar, l_nombre, l_tipo, lugar_id) VALUES (603,'Bolívar','parroquia', 63);
INSERT INTO LUGAR (l_id_lugar, l_nombre, l_tipo, lugar_id) VALUES (604,'Camatagua','parroquia', 64);
INSERT INTO LUGAR (l_id_lugar, l_nombre, l_tipo, lugar_id) VALUES (605,'Carmen de Cura','parroquia', 64);
INSERT INTO LUGAR (l_id_lugar, l_nombre, l_tipo, lugar_id) VALUES (606,'Santa Rita','parroquia', 65);
INSERT INTO LUGAR (l_id_lugar, l_nombre, l_tipo, lugar_id) VALUES (607,'Francisco de Miranda','parroquia', 65);
INSERT INTO LUGAR (l_id_lugar, l_nombre, l_tipo, lugar_id) VALUES (608,'Moseñor Feliciano González','parroquia', 65);
INSERT INTO LUGAR (l_id_lugar, l_nombre, l_tipo, lugar_id) VALUES (609,'Santa Cruz','parroquia', 66);
INSERT INTO LUGAR (l_id_lugar, l_nombre, l_tipo, lugar_id) VALUES (610,'José Félix Ribas','parroquia', 67);
INSERT INTO LUGAR (l_id_lugar, l_nombre, l_tipo, lugar_id) VALUES (611,'Castor Nieves Ríos','parroquia', 67);
INSERT INTO LUGAR (l_id_lugar, l_nombre, l_tipo, lugar_id) VALUES (612,'Las Guacamayas','parroquia', 67);
INSERT INTO LUGAR (l_id_lugar, l_nombre, l_tipo, lugar_id) VALUES (613,'Pao de Zárate','parroquia', 67);
INSERT INTO LUGAR (l_id_lugar, l_nombre, l_tipo, lugar_id) VALUES (614,'Zuata','parroquia', 67);
INSERT INTO LUGAR (l_id_lugar, l_nombre, l_tipo, lugar_id) VALUES (615,'José Rafael Revenga','parroquia', 68);
INSERT INTO LUGAR (l_id_lugar, l_nombre, l_tipo, lugar_id) VALUES (616,'Palo Negro','parroquia', 69);
INSERT INTO LUGAR (l_id_lugar, l_nombre, l_tipo, lugar_id) VALUES (617,'San Martín de Porres','parroquia', 69);
INSERT INTO LUGAR (l_id_lugar, l_nombre, l_tipo, lugar_id) VALUES (618,'El Limón','parroquia', 70);
INSERT INTO LUGAR (l_id_lugar, l_nombre, l_tipo, lugar_id) VALUES (619,'Caña de Azúcar','parroquia', 70);
INSERT INTO LUGAR (l_id_lugar, l_nombre, l_tipo, lugar_id) VALUES (620,'Ocumare de la Costa','parroquia', 71);
INSERT INTO LUGAR (l_id_lugar, l_nombre, l_tipo, lugar_id) VALUES (621,'San Casimiro','parroquia', 72);
INSERT INTO LUGAR (l_id_lugar, l_nombre, l_tipo, lugar_id) VALUES (622,'Güiripa','parroquia', 72);
INSERT INTO LUGAR (l_id_lugar, l_nombre, l_tipo, lugar_id) VALUES (623,'Ollas de Caramacate','parroquia', 72);
INSERT INTO LUGAR (l_id_lugar, l_nombre, l_tipo, lugar_id) VALUES (624,'Valle Morín','parroquia', 72);
INSERT INTO LUGAR (l_id_lugar, l_nombre, l_tipo, lugar_id) VALUES (625,'San Sebastían','parroquia', 73);
INSERT INTO LUGAR (l_id_lugar, l_nombre, l_tipo, lugar_id) VALUES (626,'Turmero','parroquia', 74);
INSERT INTO LUGAR (l_id_lugar, l_nombre, l_tipo, lugar_id) VALUES (627,'Arevalo Aponte','parroquia', 74);
INSERT INTO LUGAR (l_id_lugar, l_nombre, l_tipo, lugar_id) VALUES (628,'Chuao','parroquia', 74);
INSERT INTO LUGAR (l_id_lugar, l_nombre, l_tipo, lugar_id) VALUES (629,'Samán de Güere','parroquia', 74);
INSERT INTO LUGAR (l_id_lugar, l_nombre, l_tipo, lugar_id) VALUES (630,'Alfredo Pacheco Miranda','parroquia', 74);
INSERT INTO LUGAR (l_id_lugar, l_nombre, l_tipo, lugar_id) VALUES (631,'Santos Michelena','parroquia', 75);
INSERT INTO LUGAR (l_id_lugar, l_nombre, l_tipo, lugar_id) VALUES (632,'Tiara','parroquia', 75);
INSERT INTO LUGAR (l_id_lugar, l_nombre, l_tipo, lugar_id) VALUES (633,'Cagua','parroquia', 76);
INSERT INTO LUGAR (l_id_lugar, l_nombre, l_tipo, lugar_id) VALUES (634,'Bella Vista','parroquia', 76);
INSERT INTO LUGAR (l_id_lugar, l_nombre, l_tipo, lugar_id) VALUES (635,'Tovar','parroquia', 77);
INSERT INTO LUGAR (l_id_lugar, l_nombre, l_tipo, lugar_id) VALUES (636,'Urdaneta','parroquia', 78);
INSERT INTO LUGAR (l_id_lugar, l_nombre, l_tipo, lugar_id) VALUES (637,'Las Peñitas','parroquia', 78);
INSERT INTO LUGAR (l_id_lugar, l_nombre, l_tipo, lugar_id) VALUES (638,'San Francisco de Cara','parroquia', 78);
INSERT INTO LUGAR (l_id_lugar, l_nombre, l_tipo, lugar_id) VALUES (639,'Taguay','parroquia', 78);
INSERT INTO LUGAR (l_id_lugar, l_nombre, l_tipo, lugar_id) VALUES (640,'Zamora','parroquia', 79);
INSERT INTO LUGAR (l_id_lugar, l_nombre, l_tipo, lugar_id) VALUES (641,'Magdaleno','parroquia', 79);
INSERT INTO LUGAR (l_id_lugar, l_nombre, l_tipo, lugar_id) VALUES (642,'San Francisco de Asís','parroquia', 79);
INSERT INTO LUGAR (l_id_lugar, l_nombre, l_tipo, lugar_id) VALUES (643,'Valles de Tucutunemo','parroquia', 79);
INSERT INTO LUGAR (l_id_lugar, l_nombre, l_tipo, lugar_id) VALUES (644,'Augusto Mijares','parroquia', 79);
INSERT INTO LUGAR (l_id_lugar, l_nombre, l_tipo, lugar_id) VALUES (645,'Sabaneta','parroquia', 80);
INSERT INTO LUGAR (l_id_lugar, l_nombre, l_tipo, lugar_id) VALUES (646,'Juan Antonio Rodríguez Domínguez','parroquia', 80);
INSERT INTO LUGAR (l_id_lugar, l_nombre, l_tipo, lugar_id) VALUES (647,'El Cantón','parroquia', 81);
INSERT INTO LUGAR (l_id_lugar, l_nombre, l_tipo, lugar_id) VALUES (648,'Santa Cruz de Guacas','parroquia', 81);
INSERT INTO LUGAR (l_id_lugar, l_nombre, l_tipo, lugar_id) VALUES (649,'Puerto Vivas','parroquia', 81);
INSERT INTO LUGAR (l_id_lugar, l_nombre, l_tipo, lugar_id) VALUES (650,'Ticoporo','parroquia', 82);
INSERT INTO LUGAR (l_id_lugar, l_nombre, l_tipo, lugar_id) VALUES (651,'Nicolás Pulido','parroquia', 82);
INSERT INTO LUGAR (l_id_lugar, l_nombre, l_tipo, lugar_id) VALUES (652,'Andrés Bello','parroquia', 82);
INSERT INTO LUGAR (l_id_lugar, l_nombre, l_tipo, lugar_id) VALUES (653,'Arismendi','parroquia', 83);
INSERT INTO LUGAR (l_id_lugar, l_nombre, l_tipo, lugar_id) VALUES (654,'Guadarrama','parroquia', 83);
INSERT INTO LUGAR (l_id_lugar, l_nombre, l_tipo, lugar_id) VALUES (655,'La Unión','parroquia', 83);
INSERT INTO LUGAR (l_id_lugar, l_nombre, l_tipo, lugar_id) VALUES (656,'San Antonio','parroquia', 83);
INSERT INTO LUGAR (l_id_lugar, l_nombre, l_tipo, lugar_id) VALUES (657,'Barinas','parroquia', 84);
INSERT INTO LUGAR (l_id_lugar, l_nombre, l_tipo, lugar_id) VALUES (658,'Alberto Arvelo Larriva','parroquia', 84);
INSERT INTO LUGAR (l_id_lugar, l_nombre, l_tipo, lugar_id) VALUES (659,'San Silvestre','parroquia', 84);
INSERT INTO LUGAR (l_id_lugar, l_nombre, l_tipo, lugar_id) VALUES (660,'Santa Inés','parroquia', 84);
INSERT INTO LUGAR (l_id_lugar, l_nombre, l_tipo, lugar_id) VALUES (661,'Santa Lucía','parroquia', 84);
INSERT INTO LUGAR (l_id_lugar, l_nombre, l_tipo, lugar_id) VALUES (662,'Torumos','parroquia', 84);
INSERT INTO LUGAR (l_id_lugar, l_nombre, l_tipo, lugar_id) VALUES (663,'El Carmen','parroquia', 84);
INSERT INTO LUGAR (l_id_lugar, l_nombre, l_tipo, lugar_id) VALUES (664,'Rómulo Betancourt','parroquia', 84);
INSERT INTO LUGAR (l_id_lugar, l_nombre, l_tipo, lugar_id) VALUES (665,'Corazón de Jesús','parroquia', 84);
INSERT INTO LUGAR (l_id_lugar, l_nombre, l_tipo, lugar_id) VALUES (666,'Ramón Ignacio Méndez','parroquia', 84);
INSERT INTO LUGAR (l_id_lugar, l_nombre, l_tipo, lugar_id) VALUES (667,'Alto Barinas','parroquia', 84);
INSERT INTO LUGAR (l_id_lugar, l_nombre, l_tipo, lugar_id) VALUES (668,'Manuel Palacio Fajardo','parroquia', 84);
INSERT INTO LUGAR (l_id_lugar, l_nombre, l_tipo, lugar_id) VALUES (669,'Juan Antonio Rodríguez Domínguez','parroquia', 84);
INSERT INTO LUGAR (l_id_lugar, l_nombre, l_tipo, lugar_id) VALUES (670,'Dominga Ortiz de Páez','parroquia', 84);
INSERT INTO LUGAR (l_id_lugar, l_nombre, l_tipo, lugar_id) VALUES (671,'Barinitas','parroquia', 85);
INSERT INTO LUGAR (l_id_lugar, l_nombre, l_tipo, lugar_id) VALUES (672,'Altamira de Cáceres','parroquia', 85);
INSERT INTO LUGAR (l_id_lugar, l_nombre, l_tipo, lugar_id) VALUES (673,'Calderas','parroquia', 85);
INSERT INTO LUGAR (l_id_lugar, l_nombre, l_tipo, lugar_id) VALUES (674,'Barrancas','parroquia', 86);
INSERT INTO LUGAR (l_id_lugar, l_nombre, l_tipo, lugar_id) VALUES (675,'El Socorro','parroquia', 86);
INSERT INTO LUGAR (l_id_lugar, l_nombre, l_tipo, lugar_id) VALUES (676,'Mazparrito','parroquia', 86);
INSERT INTO LUGAR (l_id_lugar, l_nombre, l_tipo, lugar_id) VALUES (677,'Santa Bárbara','parroquia', 87);
INSERT INTO LUGAR (l_id_lugar, l_nombre, l_tipo, lugar_id) VALUES (678,'Pedro Briceño Méndez','parroquia', 87);
INSERT INTO LUGAR (l_id_lugar, l_nombre, l_tipo, lugar_id) VALUES (679,'Ramón Ignacio Méndez','parroquia', 87);
INSERT INTO LUGAR (l_id_lugar, l_nombre, l_tipo, lugar_id) VALUES (680,'José Ignacio del Pumar','parroquia', 87);
INSERT INTO LUGAR (l_id_lugar, l_nombre, l_tipo, lugar_id) VALUES (681,'Obispos','parroquia', 88);
INSERT INTO LUGAR (l_id_lugar, l_nombre, l_tipo, lugar_id) VALUES (682,'Guasimitos','parroquia', 88);
INSERT INTO LUGAR (l_id_lugar, l_nombre, l_tipo, lugar_id) VALUES (683,'El Real','parroquia', 88);
INSERT INTO LUGAR (l_id_lugar, l_nombre, l_tipo, lugar_id) VALUES (684,'La Luz','parroquia', 88);
INSERT INTO LUGAR (l_id_lugar, l_nombre, l_tipo, lugar_id) VALUES (685,'Ciudad Bolívia','parroquia', 89);
INSERT INTO LUGAR (l_id_lugar, l_nombre, l_tipo, lugar_id) VALUES (686,'José Ignacio Briceño','parroquia', 89);
INSERT INTO LUGAR (l_id_lugar, l_nombre, l_tipo, lugar_id) VALUES (687,'José Félix Ribas','parroquia', 89);
INSERT INTO LUGAR (l_id_lugar, l_nombre, l_tipo, lugar_id) VALUES (688,'Páez','parroquia', 89);
INSERT INTO LUGAR (l_id_lugar, l_nombre, l_tipo, lugar_id) VALUES (689,'Libertad','parroquia', 90);
INSERT INTO LUGAR (l_id_lugar, l_nombre, l_tipo, lugar_id) VALUES (690,'Dolores','parroquia', 90);
INSERT INTO LUGAR (l_id_lugar, l_nombre, l_tipo, lugar_id) VALUES (691,'Santa Rosa','parroquia', 90);
INSERT INTO LUGAR (l_id_lugar, l_nombre, l_tipo, lugar_id) VALUES (692,'Palacio Fajardo','parroquia', 90);
INSERT INTO LUGAR (l_id_lugar, l_nombre, l_tipo, lugar_id) VALUES (693,'Ciudad de Nutrias','parroquia', 91);
INSERT INTO LUGAR (l_id_lugar, l_nombre, l_tipo, lugar_id) VALUES (694,'El Regalo','parroquia', 91);
INSERT INTO LUGAR (l_id_lugar, l_nombre, l_tipo, lugar_id) VALUES (695,'Puerto Nutrias','parroquia', 91);
INSERT INTO LUGAR (l_id_lugar, l_nombre, l_tipo, lugar_id) VALUES (696,'Santa Catalina','parroquia', 91);
INSERT INTO LUGAR (l_id_lugar, l_nombre, l_tipo, lugar_id) VALUES (697,'Cachamay','parroquia', 92);
INSERT INTO LUGAR (l_id_lugar, l_nombre, l_tipo, lugar_id) VALUES (698,'Chirica','parroquia', 92);
INSERT INTO LUGAR (l_id_lugar, l_nombre, l_tipo, lugar_id) VALUES (699,'Dalla Costa','parroquia', 92);
INSERT INTO LUGAR (l_id_lugar, l_nombre, l_tipo, lugar_id) VALUES (700,'Once de Abril','parroquia', 92);
INSERT INTO LUGAR (l_id_lugar, l_nombre, l_tipo, lugar_id) VALUES (701,'Simón Bolívar','parroquia', 92);
INSERT INTO LUGAR (l_id_lugar, l_nombre, l_tipo, lugar_id) VALUES (702,'Unare','parroquia', 92);
INSERT INTO LUGAR (l_id_lugar, l_nombre, l_tipo, lugar_id) VALUES (703,'Universidad','parroquia', 92);
INSERT INTO LUGAR (l_id_lugar, l_nombre, l_tipo, lugar_id) VALUES (704,'Vista al Sol','parroquia', 92);
INSERT INTO LUGAR (l_id_lugar, l_nombre, l_tipo, lugar_id) VALUES (705,'Pozo Verde','parroquia', 92);
INSERT INTO LUGAR (l_id_lugar, l_nombre, l_tipo, lugar_id) VALUES (706,'Yocoima','parroquia', 92);
INSERT INTO LUGAR (l_id_lugar, l_nombre, l_tipo, lugar_id) VALUES (707,'5 de Julio','parroquia', 92);
INSERT INTO LUGAR (l_id_lugar, l_nombre, l_tipo, lugar_id) VALUES (708,'Cedeño','parroquia', 93);
INSERT INTO LUGAR (l_id_lugar, l_nombre, l_tipo, lugar_id) VALUES (709,'Altagracia','parroquia', 93);
INSERT INTO LUGAR (l_id_lugar, l_nombre, l_tipo, lugar_id) VALUES (710,'Ascensión Farreras','parroquia', 93);
INSERT INTO LUGAR (l_id_lugar, l_nombre, l_tipo, lugar_id) VALUES (711,'Guaniamo','parroquia', 93);
INSERT INTO LUGAR (l_id_lugar, l_nombre, l_tipo, lugar_id) VALUES (712,'La Urbana','parroquia', 93);
INSERT INTO LUGAR (l_id_lugar, l_nombre, l_tipo, lugar_id) VALUES (713,'Pijiguaos','parroquia', 93);
INSERT INTO LUGAR (l_id_lugar, l_nombre, l_tipo, lugar_id) VALUES (714,'El Callao','parroquia', 94);
INSERT INTO LUGAR (l_id_lugar, l_nombre, l_tipo, lugar_id) VALUES (715,'Gran Sabana','parroquia', 95);
INSERT INTO LUGAR (l_id_lugar, l_nombre, l_tipo, lugar_id) VALUES (716,'Ikabarú','parroquia', 95);
INSERT INTO LUGAR (l_id_lugar, l_nombre, l_tipo, lugar_id) VALUES (717,'Catedral','parroquia', 96);
INSERT INTO LUGAR (l_id_lugar, l_nombre, l_tipo, lugar_id) VALUES (718,'Zea','parroquia', 96);
INSERT INTO LUGAR (l_id_lugar, l_nombre, l_tipo, lugar_id) VALUES (719,'Orinoco','parroquia', 96);
INSERT INTO LUGAR (l_id_lugar, l_nombre, l_tipo, lugar_id) VALUES (720,'José Antonio Páez','parroquia', 96);
INSERT INTO LUGAR (l_id_lugar, l_nombre, l_tipo, lugar_id) VALUES (721,'Marhuanta','parroquia', 96);
INSERT INTO LUGAR (l_id_lugar, l_nombre, l_tipo, lugar_id) VALUES (722,'Agua Salada','parroquia', 96);
INSERT INTO LUGAR (l_id_lugar, l_nombre, l_tipo, lugar_id) VALUES (723,'Vista Hermosa','parroquia', 96);
INSERT INTO LUGAR (l_id_lugar, l_nombre, l_tipo, lugar_id) VALUES (724,'La Sabanita','parroquia', 96);
INSERT INTO LUGAR (l_id_lugar, l_nombre, l_tipo, lugar_id) VALUES (725,'Panapana','parroquia', 96);
INSERT INTO LUGAR (l_id_lugar, l_nombre, l_tipo, lugar_id) VALUES (726,'Andrés Eloy Blanco','parroquia', 97);
INSERT INTO LUGAR (l_id_lugar, l_nombre, l_tipo, lugar_id) VALUES (727,'Pedro Cova','parroquia', 97);
INSERT INTO LUGAR (l_id_lugar, l_nombre, l_tipo, lugar_id) VALUES (728,'Raúl Leoni','parroquia', 98);
INSERT INTO LUGAR (l_id_lugar, l_nombre, l_tipo, lugar_id) VALUES (729,'Barceloneta','parroquia', 98);
INSERT INTO LUGAR (l_id_lugar, l_nombre, l_tipo, lugar_id) VALUES (730,'Santa Bárbara','parroquia', 98);
INSERT INTO LUGAR (l_id_lugar, l_nombre, l_tipo, lugar_id) VALUES (731,'San Francisco','parroquia', 98);
INSERT INTO LUGAR (l_id_lugar, l_nombre, l_tipo, lugar_id) VALUES (732,'Roscio','parroquia', 99);
INSERT INTO LUGAR (l_id_lugar, l_nombre, l_tipo, lugar_id) VALUES (733,'Salóm','parroquia', 99);
INSERT INTO LUGAR (l_id_lugar, l_nombre, l_tipo, lugar_id) VALUES (734,'Sifontes','parroquia', 100);
INSERT INTO LUGAR (l_id_lugar, l_nombre, l_tipo, lugar_id) VALUES (735,'Dalla Costa','parroquia', 100);
INSERT INTO LUGAR (l_id_lugar, l_nombre, l_tipo, lugar_id) VALUES (736,'San Isidro','parroquia', 100);
INSERT INTO LUGAR (l_id_lugar, l_nombre, l_tipo, lugar_id) VALUES (737,'Sucre','parroquia', 101);
INSERT INTO LUGAR (l_id_lugar, l_nombre, l_tipo, lugar_id) VALUES (738,'Aripao','parroquia', 101);
INSERT INTO LUGAR (l_id_lugar, l_nombre, l_tipo, lugar_id) VALUES (739,'Guarataro','parroquia', 101);
INSERT INTO LUGAR (l_id_lugar, l_nombre, l_tipo, lugar_id) VALUES (740,'Las Majadas','parroquia', 101);
INSERT INTO LUGAR (l_id_lugar, l_nombre, l_tipo, lugar_id) VALUES (741,'Moitaco','parroquia', 101);
INSERT INTO LUGAR (l_id_lugar, l_nombre, l_tipo, lugar_id) VALUES (742,'Padre Pedro Chien','parroquia', 102);
INSERT INTO LUGAR (l_id_lugar, l_nombre, l_tipo, lugar_id) VALUES (743,'Río Grande','parroquia', 102);
INSERT INTO LUGAR (l_id_lugar, l_nombre, l_tipo, lugar_id) VALUES (744,'Bejuma','parroquia', 103);
INSERT INTO LUGAR (l_id_lugar, l_nombre, l_tipo, lugar_id) VALUES (745,'Canoabo','parroquia', 103);
INSERT INTO LUGAR (l_id_lugar, l_nombre, l_tipo, lugar_id) VALUES (746,'Simón Bolívar','parroquia', 103);
INSERT INTO LUGAR (l_id_lugar, l_nombre, l_tipo, lugar_id) VALUES (747,'Güigüe','parroquia', 104);
INSERT INTO LUGAR (l_id_lugar, l_nombre, l_tipo, lugar_id) VALUES (748,'Carabobo','parroquia', 104);
INSERT INTO LUGAR (l_id_lugar, l_nombre, l_tipo, lugar_id) VALUES (749,'Tacarigua','parroquia', 104);
INSERT INTO LUGAR (l_id_lugar, l_nombre, l_tipo, lugar_id) VALUES (750,'Mariara','parroquia', 105);
INSERT INTO LUGAR (l_id_lugar, l_nombre, l_tipo, lugar_id) VALUES (751,'Aguas Calientes','parroquia', 105);
INSERT INTO LUGAR (l_id_lugar, l_nombre, l_tipo, lugar_id) VALUES (752,'Ciudad Alianza','parroquia', 106);
INSERT INTO LUGAR (l_id_lugar, l_nombre, l_tipo, lugar_id) VALUES (753,'Guacara','parroquia', 106);
INSERT INTO LUGAR (l_id_lugar, l_nombre, l_tipo, lugar_id) VALUES (754,'Yagua','parroquia', 106);
INSERT INTO LUGAR (l_id_lugar, l_nombre, l_tipo, lugar_id) VALUES (755,'Morón','parroquia', 107);
INSERT INTO LUGAR (l_id_lugar, l_nombre, l_tipo, lugar_id) VALUES (756,'Yagua','parroquia', 107);
INSERT INTO LUGAR (l_id_lugar, l_nombre, l_tipo, lugar_id) VALUES (757,'Tocuyito','parroquia', 108);
INSERT INTO LUGAR (l_id_lugar, l_nombre, l_tipo, lugar_id) VALUES (758,'Independencia','parroquia', 108);
INSERT INTO LUGAR (l_id_lugar, l_nombre, l_tipo, lugar_id) VALUES (759,'Los Guayos','parroquia', 109);
INSERT INTO LUGAR (l_id_lugar, l_nombre, l_tipo, lugar_id) VALUES (760,'Miranda','parroquia', 110);
INSERT INTO LUGAR (l_id_lugar, l_nombre, l_tipo, lugar_id) VALUES (761,'Montalbán','parroquia', 111);
INSERT INTO LUGAR (l_id_lugar, l_nombre, l_tipo, lugar_id) VALUES (762,'Naguanagua','parroquia', 112);
INSERT INTO LUGAR (l_id_lugar, l_nombre, l_tipo, lugar_id) VALUES (763,'Bartolomé Salóm','parroquia', 113);
INSERT INTO LUGAR (l_id_lugar, l_nombre, l_tipo, lugar_id) VALUES (764,'Democracia','parroquia', 113);
INSERT INTO LUGAR (l_id_lugar, l_nombre, l_tipo, lugar_id) VALUES (765,'Fraternidad','parroquia', 113);
INSERT INTO LUGAR (l_id_lugar, l_nombre, l_tipo, lugar_id) VALUES (766,'Goaigoaza','parroquia', 113);
INSERT INTO LUGAR (l_id_lugar, l_nombre, l_tipo, lugar_id) VALUES (767,'Juan José Flores','parroquia', 113);
INSERT INTO LUGAR (l_id_lugar, l_nombre, l_tipo, lugar_id) VALUES (768,'Unión','parroquia', 113);
INSERT INTO LUGAR (l_id_lugar, l_nombre, l_tipo, lugar_id) VALUES (769,'Borburata','parroquia', 113);
INSERT INTO LUGAR (l_id_lugar, l_nombre, l_tipo, lugar_id) VALUES (770,'Patanemo','parroquia', 113);
INSERT INTO LUGAR (l_id_lugar, l_nombre, l_tipo, lugar_id) VALUES (771,'San Diego','parroquia', 114);
INSERT INTO LUGAR (l_id_lugar, l_nombre, l_tipo, lugar_id) VALUES (772,'San Joaquín','parroquia', 115);
INSERT INTO LUGAR (l_id_lugar, l_nombre, l_tipo, lugar_id) VALUES (773,'Candelaria','parroquia', 116);
INSERT INTO LUGAR (l_id_lugar, l_nombre, l_tipo, lugar_id) VALUES (774,'Catedral','parroquia', 116);
INSERT INTO LUGAR (l_id_lugar, l_nombre, l_tipo, lugar_id) VALUES (775,'El Socorro','parroquia', 116);
INSERT INTO LUGAR (l_id_lugar, l_nombre, l_tipo, lugar_id) VALUES (776,'Miguel Peña','parroquia', 116);
INSERT INTO LUGAR (l_id_lugar, l_nombre, l_tipo, lugar_id) VALUES (777,'Rafael Urdaneta','parroquia', 116);
INSERT INTO LUGAR (l_id_lugar, l_nombre, l_tipo, lugar_id) VALUES (778,'San Blas','parroquia', 116);
INSERT INTO LUGAR (l_id_lugar, l_nombre, l_tipo, lugar_id) VALUES (779,'San José','parroquia', 116);
INSERT INTO LUGAR (l_id_lugar, l_nombre, l_tipo, lugar_id) VALUES (780,'Santa Rosa','parroquia', 116);
INSERT INTO LUGAR (l_id_lugar, l_nombre, l_tipo, lugar_id) VALUES (781,'Negro Primero','parroquia', 116);
INSERT INTO LUGAR (l_id_lugar, l_nombre, l_tipo, lugar_id) VALUES (782,'Cojedes','parroquia', 117);
INSERT INTO LUGAR (l_id_lugar, l_nombre, l_tipo, lugar_id) VALUES (783,'Juan de Mata Suárez','parroquia', 117);
INSERT INTO LUGAR (l_id_lugar, l_nombre, l_tipo, lugar_id) VALUES (784,'Tinaquillo','parroquia', 118);
INSERT INTO LUGAR (l_id_lugar, l_nombre, l_tipo, lugar_id) VALUES (785,'El Baúl','parroquia', 119);
INSERT INTO LUGAR (l_id_lugar, l_nombre, l_tipo, lugar_id) VALUES (786,'Sucre','parroquia', 119);
INSERT INTO LUGAR (l_id_lugar, l_nombre, l_tipo, lugar_id) VALUES (787,'La Aguadita','parroquia', 120);
INSERT INTO LUGAR (l_id_lugar, l_nombre, l_tipo, lugar_id) VALUES (788,'Macapo','parroquia', 120);
INSERT INTO LUGAR (l_id_lugar, l_nombre, l_tipo, lugar_id) VALUES (789,'El Pao','parroquia', 121);
INSERT INTO LUGAR (l_id_lugar, l_nombre, l_tipo, lugar_id) VALUES (790,'El Amparo','parroquia', 122);
INSERT INTO LUGAR (l_id_lugar, l_nombre, l_tipo, lugar_id) VALUES (791,'Libertad de Cojedes','parroquia', 122);
INSERT INTO LUGAR (l_id_lugar, l_nombre, l_tipo, lugar_id) VALUES (792,'Rómulo Gallegos','parroquia', 123);
INSERT INTO LUGAR (l_id_lugar, l_nombre, l_tipo, lugar_id) VALUES (793,'San Carlos de Austria','parroquia', 124);
INSERT INTO LUGAR (l_id_lugar, l_nombre, l_tipo, lugar_id) VALUES (794,'Juan Ángel Bravo','parroquia', 124);
INSERT INTO LUGAR (l_id_lugar, l_nombre, l_tipo, lugar_id) VALUES (795,'Manuel Manrique','parroquia', 124);
INSERT INTO LUGAR (l_id_lugar, l_nombre, l_tipo, lugar_id) VALUES (796,'General en Jefe José Laurencio Silva','parroquia', 125);
INSERT INTO LUGAR (l_id_lugar, l_nombre, l_tipo, lugar_id) VALUES (797,'Curiapo','parroquia', 126);
INSERT INTO LUGAR (l_id_lugar, l_nombre, l_tipo, lugar_id) VALUES (798,'Almirante Luis Brión','parroquia', 126);
INSERT INTO LUGAR (l_id_lugar, l_nombre, l_tipo, lugar_id) VALUES (799,'Francisco Aniceto Lugo','parroquia', 126);
INSERT INTO LUGAR (l_id_lugar, l_nombre, l_tipo, lugar_id) VALUES (800,'Manuel Renaud','parroquia', 126);
INSERT INTO LUGAR (l_id_lugar, l_nombre, l_tipo, lugar_id) VALUES (801,'Padre Barral','parroquia', 126);
INSERT INTO LUGAR (l_id_lugar, l_nombre, l_tipo, lugar_id) VALUES (802,'Santos de Abelgas','parroquia', 126);
INSERT INTO LUGAR (l_id_lugar, l_nombre, l_tipo, lugar_id) VALUES (803,'Imataca','parroquia', 127);
INSERT INTO LUGAR (l_id_lugar, l_nombre, l_tipo, lugar_id) VALUES (804,'Cinco de Julio','parroquia', 127);
INSERT INTO LUGAR (l_id_lugar, l_nombre, l_tipo, lugar_id) VALUES (805,'Juan Bautista Arismendi','parroquia', 127);
INSERT INTO LUGAR (l_id_lugar, l_nombre, l_tipo, lugar_id) VALUES (806,'Manuel Piar','parroquia', 127);
INSERT INTO LUGAR (l_id_lugar, l_nombre, l_tipo, lugar_id) VALUES (807,'Rómulo Gallegos','parroquia', 127);
INSERT INTO LUGAR (l_id_lugar, l_nombre, l_tipo, lugar_id) VALUES (808,'Pedernales','parroquia', 128);
INSERT INTO LUGAR (l_id_lugar, l_nombre, l_tipo, lugar_id) VALUES (809,'Luis Beltrán Prieto Figueroa','parroquia', 128);
INSERT INTO LUGAR (l_id_lugar, l_nombre, l_tipo, lugar_id) VALUES (810,'San José (Delta Amacuro)','parroquia', 129);
INSERT INTO LUGAR (l_id_lugar, l_nombre, l_tipo, lugar_id) VALUES (811,'José Vidal Marcano','parroquia', 129);
INSERT INTO LUGAR (l_id_lugar, l_nombre, l_tipo, lugar_id) VALUES (812,'Juan Millán','parroquia', 129);
INSERT INTO LUGAR (l_id_lugar, l_nombre, l_tipo, lugar_id) VALUES (813,'Leonardo Ruíz Pineda','parroquia', 129);
INSERT INTO LUGAR (l_id_lugar, l_nombre, l_tipo, lugar_id) VALUES (814,'Mariscal Antonio José de Sucre','parroquia', 129);
INSERT INTO LUGAR (l_id_lugar, l_nombre, l_tipo, lugar_id) VALUES (815,'Monseñor Argimiro García','parroquia', 129);
INSERT INTO LUGAR (l_id_lugar, l_nombre, l_tipo, lugar_id) VALUES (816,'San Rafael (Delta Amacuro)','parroquia', 129);
INSERT INTO LUGAR (l_id_lugar, l_nombre, l_tipo, lugar_id) VALUES (817,'Virgen del Valle','parroquia', 129);
INSERT INTO LUGAR (l_id_lugar, l_nombre, l_tipo, lugar_id) VALUES (818,'Clarines','parroquia', 36);
INSERT INTO LUGAR (l_id_lugar, l_nombre, l_tipo, lugar_id) VALUES (819,'Guanape','parroquia', 36);
INSERT INTO LUGAR (l_id_lugar, l_nombre, l_tipo, lugar_id) VALUES (820,'Sabana de Uchire','parroquia', 36);
INSERT INTO LUGAR (l_id_lugar, l_nombre, l_tipo, lugar_id) VALUES (821,'Capadare','parroquia', 130);
INSERT INTO LUGAR (l_id_lugar, l_nombre, l_tipo, lugar_id) VALUES (822,'La Pastora','parroquia', 130);
INSERT INTO LUGAR (l_id_lugar, l_nombre, l_tipo, lugar_id) VALUES (823,'Libertador','parroquia', 130);
INSERT INTO LUGAR (l_id_lugar, l_nombre, l_tipo, lugar_id) VALUES (824,'San Juan de los Cayos','parroquia', 130);
INSERT INTO LUGAR (l_id_lugar, l_nombre, l_tipo, lugar_id) VALUES (825,'Aracua','parroquia', 131);
INSERT INTO LUGAR (l_id_lugar, l_nombre, l_tipo, lugar_id) VALUES (826,'La Peña','parroquia', 131);
INSERT INTO LUGAR (l_id_lugar, l_nombre, l_tipo, lugar_id) VALUES (827,'San Luis','parroquia', 131);
INSERT INTO LUGAR (l_id_lugar, l_nombre, l_tipo, lugar_id) VALUES (828,'Bariro','parroquia', 132);
INSERT INTO LUGAR (l_id_lugar, l_nombre, l_tipo, lugar_id) VALUES (829,'Borojó','parroquia', 132);
INSERT INTO LUGAR (l_id_lugar, l_nombre, l_tipo, lugar_id) VALUES (830,'Capatárida','parroquia', 132);
INSERT INTO LUGAR (l_id_lugar, l_nombre, l_tipo, lugar_id) VALUES (831,'Guajiro','parroquia', 132);
INSERT INTO LUGAR (l_id_lugar, l_nombre, l_tipo, lugar_id) VALUES (832,'Seque','parroquia', 132);
INSERT INTO LUGAR (l_id_lugar, l_nombre, l_tipo, lugar_id) VALUES (833,'Zazárida','parroquia', 132);
INSERT INTO LUGAR (l_id_lugar, l_nombre, l_tipo, lugar_id) VALUES (834,'Valle de Eroa','parroquia', 132);
INSERT INTO LUGAR (l_id_lugar, l_nombre, l_tipo, lugar_id) VALUES (835,'Cacique Manaure','parroquia', 133);
INSERT INTO LUGAR (l_id_lugar, l_nombre, l_tipo, lugar_id) VALUES (836,'Norte','parroquia', 134);
INSERT INTO LUGAR (l_id_lugar, l_nombre, l_tipo, lugar_id) VALUES (837,'Carirubana','parroquia', 134);
INSERT INTO LUGAR (l_id_lugar, l_nombre, l_tipo, lugar_id) VALUES (838,'Santa Ana','parroquia', 134);
INSERT INTO LUGAR (l_id_lugar, l_nombre, l_tipo, lugar_id) VALUES (839,'Urbana Punta Cardón','parroquia', 134);
INSERT INTO LUGAR (l_id_lugar, l_nombre, l_tipo, lugar_id) VALUES (840,'La Vela de Coro','parroquia', 135);
INSERT INTO LUGAR (l_id_lugar, l_nombre, l_tipo, lugar_id) VALUES (841,'Acurigua','parroquia', 135);
INSERT INTO LUGAR (l_id_lugar, l_nombre, l_tipo, lugar_id) VALUES (842,'Guaibacoa','parroquia', 135);
INSERT INTO LUGAR (l_id_lugar, l_nombre, l_tipo, lugar_id) VALUES (843,'Las Calderas','parroquia', 135);
INSERT INTO LUGAR (l_id_lugar, l_nombre, l_tipo, lugar_id) VALUES (844,'Macoruca','parroquia', 135);
INSERT INTO LUGAR (l_id_lugar, l_nombre, l_tipo, lugar_id) VALUES (845,'Dabajuro','parroquia', 136);
INSERT INTO LUGAR (l_id_lugar, l_nombre, l_tipo, lugar_id) VALUES (846,'Agua Clara','parroquia', 137);
INSERT INTO LUGAR (l_id_lugar, l_nombre, l_tipo, lugar_id) VALUES (847,'Avaria','parroquia', 137);
INSERT INTO LUGAR (l_id_lugar, l_nombre, l_tipo, lugar_id) VALUES (848,'Pedregal','parroquia', 137);
INSERT INTO LUGAR (l_id_lugar, l_nombre, l_tipo, lugar_id) VALUES (849,'Piedra Grande','parroquia', 137);
INSERT INTO LUGAR (l_id_lugar, l_nombre, l_tipo, lugar_id) VALUES (850,'Purureche','parroquia', 137);
INSERT INTO LUGAR (l_id_lugar, l_nombre, l_tipo, lugar_id) VALUES (851,'Adaure','parroquia', 138);
INSERT INTO LUGAR (l_id_lugar, l_nombre, l_tipo, lugar_id) VALUES (852,'Adícora','parroquia', 138);
INSERT INTO LUGAR (l_id_lugar, l_nombre, l_tipo, lugar_id) VALUES (853,'Baraived','parroquia', 138);
INSERT INTO LUGAR (l_id_lugar, l_nombre, l_tipo, lugar_id) VALUES (854,'Buena Vista','parroquia', 138);
INSERT INTO LUGAR (l_id_lugar, l_nombre, l_tipo, lugar_id) VALUES (855,'Jadacaquiva','parroquia', 138);
INSERT INTO LUGAR (l_id_lugar, l_nombre, l_tipo, lugar_id) VALUES (856,'El Vínculo','parroquia', 138);
INSERT INTO LUGAR (l_id_lugar, l_nombre, l_tipo, lugar_id) VALUES (857,'El Hato','parroquia', 138);
INSERT INTO LUGAR (l_id_lugar, l_nombre, l_tipo, lugar_id) VALUES (858,'Moruy','parroquia', 138);
INSERT INTO LUGAR (l_id_lugar, l_nombre, l_tipo, lugar_id) VALUES (859,'Pueblo Nuevo','parroquia', 138);
INSERT INTO LUGAR (l_id_lugar, l_nombre, l_tipo, lugar_id) VALUES (860,'Agua Larga','parroquia', 139);
INSERT INTO LUGAR (l_id_lugar, l_nombre, l_tipo, lugar_id) VALUES (861,'El Paují','parroquia', 139);
INSERT INTO LUGAR (l_id_lugar, l_nombre, l_tipo, lugar_id) VALUES (862,'Independencia','parroquia', 139);
INSERT INTO LUGAR (l_id_lugar, l_nombre, l_tipo, lugar_id) VALUES (863,'Mapararí','parroquia', 139);
INSERT INTO LUGAR (l_id_lugar, l_nombre, l_tipo, lugar_id) VALUES (864,'Agua Linda','parroquia', 140);
INSERT INTO LUGAR (l_id_lugar, l_nombre, l_tipo, lugar_id) VALUES (865,'Araurima','parroquia', 140);
INSERT INTO LUGAR (l_id_lugar, l_nombre, l_tipo, lugar_id) VALUES (866,'Jacura','parroquia', 140);
INSERT INTO LUGAR (l_id_lugar, l_nombre, l_tipo, lugar_id) VALUES (867,'Tucacas','parroquia', 141);
INSERT INTO LUGAR (l_id_lugar, l_nombre, l_tipo, lugar_id) VALUES (868,'Boca de Aroa','parroquia', 141);
INSERT INTO LUGAR (l_id_lugar, l_nombre, l_tipo, lugar_id) VALUES (869,'Los Taques','parroquia', 142);
INSERT INTO LUGAR (l_id_lugar, l_nombre, l_tipo, lugar_id) VALUES (870,'Judibana','parroquia', 142);
INSERT INTO LUGAR (l_id_lugar, l_nombre, l_tipo, lugar_id) VALUES (871,'Mene de Mauroa','parroquia', 143);
INSERT INTO LUGAR (l_id_lugar, l_nombre, l_tipo, lugar_id) VALUES (872,'San Félix','parroquia', 143);
INSERT INTO LUGAR (l_id_lugar, l_nombre, l_tipo, lugar_id) VALUES (873,'Casigua','parroquia', 143);
INSERT INTO LUGAR (l_id_lugar, l_nombre, l_tipo, lugar_id) VALUES (874,'Guzmán Guillermo','parroquia', 144);
INSERT INTO LUGAR (l_id_lugar, l_nombre, l_tipo, lugar_id) VALUES (875,'Mitare','parroquia', 144);
INSERT INTO LUGAR (l_id_lugar, l_nombre, l_tipo, lugar_id) VALUES (876,'Río Seco','parroquia', 144);
INSERT INTO LUGAR (l_id_lugar, l_nombre, l_tipo, lugar_id) VALUES (877,'Sabaneta','parroquia', 144);
INSERT INTO LUGAR (l_id_lugar, l_nombre, l_tipo, lugar_id) VALUES (878,'San Antonio','parroquia', 144);
INSERT INTO LUGAR (l_id_lugar, l_nombre, l_tipo, lugar_id) VALUES (879,'San Gabriel','parroquia', 144);
INSERT INTO LUGAR (l_id_lugar, l_nombre, l_tipo, lugar_id) VALUES (880,'Santa Ana','parroquia', 144);
INSERT INTO LUGAR (l_id_lugar, l_nombre, l_tipo, lugar_id) VALUES (881,'Boca del Tocuyo','parroquia', 145);
INSERT INTO LUGAR (l_id_lugar, l_nombre, l_tipo, lugar_id) VALUES (882,'Chichiriviche','parroquia', 145);
INSERT INTO LUGAR (l_id_lugar, l_nombre, l_tipo, lugar_id) VALUES (883,'Tocuyo de la Costa','parroquia', 145);
INSERT INTO LUGAR (l_id_lugar, l_nombre, l_tipo, lugar_id) VALUES (884,'Palmasola','parroquia', 146);
INSERT INTO LUGAR (l_id_lugar, l_nombre, l_tipo, lugar_id) VALUES (885,'Cabure','parroquia', 147);
INSERT INTO LUGAR (l_id_lugar, l_nombre, l_tipo, lugar_id) VALUES (886,'Colina','parroquia', 147);
INSERT INTO LUGAR (l_id_lugar, l_nombre, l_tipo, lugar_id) VALUES (887,'Curimagua','parroquia', 147);
INSERT INTO LUGAR (l_id_lugar, l_nombre, l_tipo, lugar_id) VALUES (888,'San José de la Costa','parroquia', 148);
INSERT INTO LUGAR (l_id_lugar, l_nombre, l_tipo, lugar_id) VALUES (889,'Píritu','parroquia', 148);
INSERT INTO LUGAR (l_id_lugar, l_nombre, l_tipo, lugar_id) VALUES (890,'San Francisco','parroquia', 149);
INSERT INTO LUGAR (l_id_lugar, l_nombre, l_tipo, lugar_id) VALUES (891,'Sucre','parroquia', 150);
INSERT INTO LUGAR (l_id_lugar, l_nombre, l_tipo, lugar_id) VALUES (892,'Pecaya','parroquia', 150);
INSERT INTO LUGAR (l_id_lugar, l_nombre, l_tipo, lugar_id) VALUES (893,'Tocópero','parroquia', 151);
INSERT INTO LUGAR (l_id_lugar, l_nombre, l_tipo, lugar_id) VALUES (894,'El Charal','parroquia', 152);
INSERT INTO LUGAR (l_id_lugar, l_nombre, l_tipo, lugar_id) VALUES (895,'Las Vegas del Tuy','parroquia', 152);
INSERT INTO LUGAR (l_id_lugar, l_nombre, l_tipo, lugar_id) VALUES (896,'Santa Cruz de Bucaral','parroquia', 152);
INSERT INTO LUGAR (l_id_lugar, l_nombre, l_tipo, lugar_id) VALUES (897,'Bruzual','parroquia', 153);
INSERT INTO LUGAR (l_id_lugar, l_nombre, l_tipo, lugar_id) VALUES (898,'Urumaco','parroquia', 153);
INSERT INTO LUGAR (l_id_lugar, l_nombre, l_tipo, lugar_id) VALUES (899,'Puerto Cumarebo','parroquia', 154);
INSERT INTO LUGAR (l_id_lugar, l_nombre, l_tipo, lugar_id) VALUES (900,'La Ciénaga','parroquia', 154);
INSERT INTO LUGAR (l_id_lugar, l_nombre, l_tipo, lugar_id) VALUES (901,'La Soledad','parroquia', 154);
INSERT INTO LUGAR (l_id_lugar, l_nombre, l_tipo, lugar_id) VALUES (902,'Pueblo Cumarebo','parroquia', 154);
INSERT INTO LUGAR (l_id_lugar, l_nombre, l_tipo, lugar_id) VALUES (903,'Zazárida','parroquia', 154);
INSERT INTO LUGAR (l_id_lugar, l_nombre, l_tipo, lugar_id) VALUES (904,'Churuguara','parroquia', 139);
INSERT INTO LUGAR (l_id_lugar, l_nombre, l_tipo, lugar_id) VALUES (905,'Camaguán','parroquia', 155);
INSERT INTO LUGAR (l_id_lugar, l_nombre, l_tipo, lugar_id) VALUES (906,'Puerto Miranda','parroquia', 155);
INSERT INTO LUGAR (l_id_lugar, l_nombre, l_tipo, lugar_id) VALUES (907,'Uverito','parroquia', 155);
INSERT INTO LUGAR (l_id_lugar, l_nombre, l_tipo, lugar_id) VALUES (908,'Chaguaramas','parroquia', 156);
INSERT INTO LUGAR (l_id_lugar, l_nombre, l_tipo, lugar_id) VALUES (909,'El Socorro','parroquia', 157);
INSERT INTO LUGAR (l_id_lugar, l_nombre, l_tipo, lugar_id) VALUES (910,'Tucupido','parroquia', 158);
INSERT INTO LUGAR (l_id_lugar, l_nombre, l_tipo, lugar_id) VALUES (911,'San Rafael de Laya','parroquia', 158);
INSERT INTO LUGAR (l_id_lugar, l_nombre, l_tipo, lugar_id) VALUES (912,'Altagracia de Orituco','parroquia', 159);
INSERT INTO LUGAR (l_id_lugar, l_nombre, l_tipo, lugar_id) VALUES (913,'San Rafael de Orituco','parroquia', 159);
INSERT INTO LUGAR (l_id_lugar, l_nombre, l_tipo, lugar_id) VALUES (914,'San Francisco Javier de Lezama','parroquia', 159);
INSERT INTO LUGAR (l_id_lugar, l_nombre, l_tipo, lugar_id) VALUES (915,'Paso Real de Macaira','parroquia', 159);
INSERT INTO LUGAR (l_id_lugar, l_nombre, l_tipo, lugar_id) VALUES (916,'Carlos Soublette','parroquia', 159);
INSERT INTO LUGAR (l_id_lugar, l_nombre, l_tipo, lugar_id) VALUES (917,'San Francisco de Macaira','parroquia', 159);
INSERT INTO LUGAR (l_id_lugar, l_nombre, l_tipo, lugar_id) VALUES (918,'Libertad de Orituco','parroquia', 159);
INSERT INTO LUGAR (l_id_lugar, l_nombre, l_tipo, lugar_id) VALUES (919,'Cantaclaro','parroquia', 160);
INSERT INTO LUGAR (l_id_lugar, l_nombre, l_tipo, lugar_id) VALUES (920,'San Juan de los Morros','parroquia', 160);
INSERT INTO LUGAR (l_id_lugar, l_nombre, l_tipo, lugar_id) VALUES (921,'Parapara','parroquia', 160);
INSERT INTO LUGAR (l_id_lugar, l_nombre, l_tipo, lugar_id) VALUES (922,'El Sombrero','parroquia', 161);
INSERT INTO LUGAR (l_id_lugar, l_nombre, l_tipo, lugar_id) VALUES (923,'Sosa','parroquia', 161);
INSERT INTO LUGAR (l_id_lugar, l_nombre, l_tipo, lugar_id) VALUES (924,'Las Mercedes','parroquia', 162);
INSERT INTO LUGAR (l_id_lugar, l_nombre, l_tipo, lugar_id) VALUES (925,'Cabruta','parroquia', 162);
INSERT INTO LUGAR (l_id_lugar, l_nombre, l_tipo, lugar_id) VALUES (926,'Santa Rita de Manapire','parroquia', 162);
INSERT INTO LUGAR (l_id_lugar, l_nombre, l_tipo, lugar_id) VALUES (927,'Valle de la Pascua','parroquia', 163);
INSERT INTO LUGAR (l_id_lugar, l_nombre, l_tipo, lugar_id) VALUES (928,'Espino','parroquia', 163);
INSERT INTO LUGAR (l_id_lugar, l_nombre, l_tipo, lugar_id) VALUES (929,'San José de Unare','parroquia', 164);
INSERT INTO LUGAR (l_id_lugar, l_nombre, l_tipo, lugar_id) VALUES (930,'Zaraza','parroquia', 164);
INSERT INTO LUGAR (l_id_lugar, l_nombre, l_tipo, lugar_id) VALUES (931,'San José de Tiznados','parroquia', 165);
INSERT INTO LUGAR (l_id_lugar, l_nombre, l_tipo, lugar_id) VALUES (932,'San Francisco de Tiznados','parroquia', 165);
INSERT INTO LUGAR (l_id_lugar, l_nombre, l_tipo, lugar_id) VALUES (933,'San Lorenzo de Tiznados','parroquia', 165);
INSERT INTO LUGAR (l_id_lugar, l_nombre, l_tipo, lugar_id) VALUES (934,'Ortiz','parroquia', 165);
INSERT INTO LUGAR (l_id_lugar, l_nombre, l_tipo, lugar_id) VALUES (935,'Guayabal','parroquia', 166);
INSERT INTO LUGAR (l_id_lugar, l_nombre, l_tipo, lugar_id) VALUES (936,'Cazorla','parroquia', 166);
INSERT INTO LUGAR (l_id_lugar, l_nombre, l_tipo, lugar_id) VALUES (937,'San José de Guaribe','parroquia', 167);
INSERT INTO LUGAR (l_id_lugar, l_nombre, l_tipo, lugar_id) VALUES (938,'Uveral','parroquia', 167);
INSERT INTO LUGAR (l_id_lugar, l_nombre, l_tipo, lugar_id) VALUES (939,'Santa María de Ipire','parroquia', 168);
INSERT INTO LUGAR (l_id_lugar, l_nombre, l_tipo, lugar_id) VALUES (940,'Altamira','parroquia', 168);
INSERT INTO LUGAR (l_id_lugar, l_nombre, l_tipo, lugar_id) VALUES (941,'El Calvario','parroquia', 169);
INSERT INTO LUGAR (l_id_lugar, l_nombre, l_tipo, lugar_id) VALUES (942,'El Rastro','parroquia', 169);
INSERT INTO LUGAR (l_id_lugar, l_nombre, l_tipo, lugar_id) VALUES (943,'Guardatinajas','parroquia', 169);
INSERT INTO LUGAR (l_id_lugar, l_nombre, l_tipo, lugar_id) VALUES (944,'Capital Urbana Calabozo','parroquia', 169);
INSERT INTO LUGAR (l_id_lugar, l_nombre, l_tipo, lugar_id) VALUES (945,'Quebrada Honda de Guache','parroquia', 170);
INSERT INTO LUGAR (l_id_lugar, l_nombre, l_tipo, lugar_id) VALUES (946,'Pío Tamayo','parroquia', 170);
INSERT INTO LUGAR (l_id_lugar, l_nombre, l_tipo, lugar_id) VALUES (947,'Yacambú','parroquia', 170);
INSERT INTO LUGAR (l_id_lugar, l_nombre, l_tipo, lugar_id) VALUES (948,'Fréitez','parroquia', 171);
INSERT INTO LUGAR (l_id_lugar, l_nombre, l_tipo, lugar_id) VALUES (949,'José María Blanco','parroquia', 171);
INSERT INTO LUGAR (l_id_lugar, l_nombre, l_tipo, lugar_id) VALUES (950,'Catedral','parroquia', 172);
INSERT INTO LUGAR (l_id_lugar, l_nombre, l_tipo, lugar_id) VALUES (951,'Concepción','parroquia', 172);
INSERT INTO LUGAR (l_id_lugar, l_nombre, l_tipo, lugar_id) VALUES (952,'El Cují','parroquia', 172);
INSERT INTO LUGAR (l_id_lugar, l_nombre, l_tipo, lugar_id) VALUES (953,'Juan de Villegas','parroquia', 172);
INSERT INTO LUGAR (l_id_lugar, l_nombre, l_tipo, lugar_id) VALUES (954,'Santa Rosa','parroquia', 172);
INSERT INTO LUGAR (l_id_lugar, l_nombre, l_tipo, lugar_id) VALUES (955,'Tamaca','parroquia', 172);
INSERT INTO LUGAR (l_id_lugar, l_nombre, l_tipo, lugar_id) VALUES (956,'Unión','parroquia', 172);
INSERT INTO LUGAR (l_id_lugar, l_nombre, l_tipo, lugar_id) VALUES (957,'Aguedo Felipe Alvarado','parroquia', 172);
INSERT INTO LUGAR (l_id_lugar, l_nombre, l_tipo, lugar_id) VALUES (958,'Buena Vista','parroquia', 172);
INSERT INTO LUGAR (l_id_lugar, l_nombre, l_tipo, lugar_id) VALUES (959,'Juárez','parroquia', 172);
INSERT INTO LUGAR (l_id_lugar, l_nombre, l_tipo, lugar_id) VALUES (960,'Juan Bautista Rodríguez','parroquia', 173);
INSERT INTO LUGAR (l_id_lugar, l_nombre, l_tipo, lugar_id) VALUES (961,'Cuara','parroquia', 173);
INSERT INTO LUGAR (l_id_lugar, l_nombre, l_tipo, lugar_id) VALUES (962,'Diego de Lozada','parroquia', 173);
INSERT INTO LUGAR (l_id_lugar, l_nombre, l_tipo, lugar_id) VALUES (963,'Paraíso de San José','parroquia', 173);
INSERT INTO LUGAR (l_id_lugar, l_nombre, l_tipo, lugar_id) VALUES (964,'San Miguel','parroquia', 173);
INSERT INTO LUGAR (l_id_lugar, l_nombre, l_tipo, lugar_id) VALUES (965,'Tintorero','parroquia', 173);
INSERT INTO LUGAR (l_id_lugar, l_nombre, l_tipo, lugar_id) VALUES (966,'José Bernardo Dorante','parroquia', 173);
INSERT INTO LUGAR (l_id_lugar, l_nombre, l_tipo, lugar_id) VALUES (967,'Coronel Mariano Peraza ','parroquia', 173);
INSERT INTO LUGAR (l_id_lugar, l_nombre, l_tipo, lugar_id) VALUES (968,'Bolívar','parroquia', 174);
INSERT INTO LUGAR (l_id_lugar, l_nombre, l_tipo, lugar_id) VALUES (969,'Anzoátegui','parroquia', 174);
INSERT INTO LUGAR (l_id_lugar, l_nombre, l_tipo, lugar_id) VALUES (970,'Guarico','parroquia', 174);
INSERT INTO LUGAR (l_id_lugar, l_nombre, l_tipo, lugar_id) VALUES (971,'Hilario Luna y Luna','parroquia', 174);
INSERT INTO LUGAR (l_id_lugar, l_nombre, l_tipo, lugar_id) VALUES (972,'Humocaro Alto','parroquia', 174);
INSERT INTO LUGAR (l_id_lugar, l_nombre, l_tipo, lugar_id) VALUES (973,'Humocaro Bajo','parroquia', 174);
INSERT INTO LUGAR (l_id_lugar, l_nombre, l_tipo, lugar_id) VALUES (974,'La Candelaria','parroquia', 174);
INSERT INTO LUGAR (l_id_lugar, l_nombre, l_tipo, lugar_id) VALUES (975,'Morán','parroquia', 174);
INSERT INTO LUGAR (l_id_lugar, l_nombre, l_tipo, lugar_id) VALUES (976,'Cabudare','parroquia', 175);
INSERT INTO LUGAR (l_id_lugar, l_nombre, l_tipo, lugar_id) VALUES (977,'José Gregorio Bastidas','parroquia', 175);
INSERT INTO LUGAR (l_id_lugar, l_nombre, l_tipo, lugar_id) VALUES (978,'Agua Viva','parroquia', 175);
INSERT INTO LUGAR (l_id_lugar, l_nombre, l_tipo, lugar_id) VALUES (979,'Sarare','parroquia', 176);
INSERT INTO LUGAR (l_id_lugar, l_nombre, l_tipo, lugar_id) VALUES (980,'Buría','parroquia', 176);
INSERT INTO LUGAR (l_id_lugar, l_nombre, l_tipo, lugar_id) VALUES (981,'Gustavo Vegas León','parroquia', 176);
INSERT INTO LUGAR (l_id_lugar, l_nombre, l_tipo, lugar_id) VALUES (982,'Trinidad Samuel','parroquia', 177);
INSERT INTO LUGAR (l_id_lugar, l_nombre, l_tipo, lugar_id) VALUES (983,'Antonio Díaz','parroquia', 177);
INSERT INTO LUGAR (l_id_lugar, l_nombre, l_tipo, lugar_id) VALUES (984,'Camacaro','parroquia', 177);
INSERT INTO LUGAR (l_id_lugar, l_nombre, l_tipo, lugar_id) VALUES (985,'Castañeda','parroquia', 177);
INSERT INTO LUGAR (l_id_lugar, l_nombre, l_tipo, lugar_id) VALUES (986,'Cecilio Zubillaga','parroquia', 177);
INSERT INTO LUGAR (l_id_lugar, l_nombre, l_tipo, lugar_id) VALUES (987,'Chiquinquirá','parroquia', 177);
INSERT INTO LUGAR (l_id_lugar, l_nombre, l_tipo, lugar_id) VALUES (988,'El Blanco','parroquia', 177);
INSERT INTO LUGAR (l_id_lugar, l_nombre, l_tipo, lugar_id) VALUES (989,'Espinoza de los Monteros','parroquia', 177);
INSERT INTO LUGAR (l_id_lugar, l_nombre, l_tipo, lugar_id) VALUES (990,'Lara','parroquia', 177);
INSERT INTO LUGAR (l_id_lugar, l_nombre, l_tipo, lugar_id) VALUES (991,'Las Mercedes','parroquia', 177);
INSERT INTO LUGAR (l_id_lugar, l_nombre, l_tipo, lugar_id) VALUES (992,'Manuel Morillo','parroquia', 177);
INSERT INTO LUGAR (l_id_lugar, l_nombre, l_tipo, lugar_id) VALUES (993,'Montaña Verde','parroquia', 177);
INSERT INTO LUGAR (l_id_lugar, l_nombre, l_tipo, lugar_id) VALUES (994,'Montes de Oca','parroquia', 177);
INSERT INTO LUGAR (l_id_lugar, l_nombre, l_tipo, lugar_id) VALUES (995,'Torres','parroquia', 177);
INSERT INTO LUGAR (l_id_lugar, l_nombre, l_tipo, lugar_id) VALUES (996,'Heriberto Arroyo','parroquia', 177);
INSERT INTO LUGAR (l_id_lugar, l_nombre, l_tipo, lugar_id) VALUES (997,'Reyes Vargas','parroquia', 177);
INSERT INTO LUGAR (l_id_lugar, l_nombre, l_tipo, lugar_id) VALUES (998,'Altagracia','parroquia', 177);
INSERT INTO LUGAR (l_id_lugar, l_nombre, l_tipo, lugar_id) VALUES (999,'Siquisique','parroquia', 178);
INSERT INTO LUGAR (l_id_lugar, l_nombre, l_tipo, lugar_id) VALUES (1000,'Moroturo','parroquia', 178);
INSERT INTO LUGAR (l_id_lugar, l_nombre, l_tipo, lugar_id) VALUES (1001,'San Miguel','parroquia', 178);
INSERT INTO LUGAR (l_id_lugar, l_nombre, l_tipo, lugar_id) VALUES (1002,'Xaguas','parroquia', 178);
INSERT INTO LUGAR (l_id_lugar, l_nombre, l_tipo, lugar_id) VALUES (1003,'Presidente Betancourt','parroquia', 205);
INSERT INTO LUGAR (l_id_lugar, l_nombre, l_tipo, lugar_id) VALUES (1004,'Presidente Páez','parroquia', 205);
INSERT INTO LUGAR (l_id_lugar, l_nombre, l_tipo, lugar_id) VALUES (1005,'Presidente Rómulo Gallegos','parroquia', 205);
INSERT INTO LUGAR (l_id_lugar, l_nombre, l_tipo, lugar_id) VALUES (1006,'Gabriel Picón González','parroquia', 205);
INSERT INTO LUGAR (l_id_lugar, l_nombre, l_tipo, lugar_id) VALUES (1007,'Héctor Amable Mora','parroquia', 205);
INSERT INTO LUGAR (l_id_lugar, l_nombre, l_tipo, lugar_id) VALUES (1008,'José Nucete Sardi','parroquia', 205);
INSERT INTO LUGAR (l_id_lugar, l_nombre, l_tipo, lugar_id) VALUES (1009,'Pulido Méndez','parroquia', 205);
INSERT INTO LUGAR (l_id_lugar, l_nombre, l_tipo, lugar_id) VALUES (1010,'La Azulita','parroquia', 206);
INSERT INTO LUGAR (l_id_lugar, l_nombre, l_tipo, lugar_id) VALUES (1011,'Santa Cruz de Mora','parroquia', 207);
INSERT INTO LUGAR (l_id_lugar, l_nombre, l_tipo, lugar_id) VALUES (1012,'Mesa Bolívar','parroquia', 207);
INSERT INTO LUGAR (l_id_lugar, l_nombre, l_tipo, lugar_id) VALUES (1013,'Mesa de Las Palmas','parroquia', 207);
INSERT INTO LUGAR (l_id_lugar, l_nombre, l_tipo, lugar_id) VALUES (1014,'Aricagua','parroquia', 208);
INSERT INTO LUGAR (l_id_lugar, l_nombre, l_tipo, lugar_id) VALUES (1015,'San Antonio','parroquia', 208);
INSERT INTO LUGAR (l_id_lugar, l_nombre, l_tipo, lugar_id) VALUES (1016,'Canagua','parroquia', 209);
INSERT INTO LUGAR (l_id_lugar, l_nombre, l_tipo, lugar_id) VALUES (1017,'Capurí','parroquia', 209);
INSERT INTO LUGAR (l_id_lugar, l_nombre, l_tipo, lugar_id) VALUES (1018,'Chacantá','parroquia', 209);
INSERT INTO LUGAR (l_id_lugar, l_nombre, l_tipo, lugar_id) VALUES (1019,'El Molino','parroquia', 209);
INSERT INTO LUGAR (l_id_lugar, l_nombre, l_tipo, lugar_id) VALUES (1020,'Guaimaral','parroquia', 209);
INSERT INTO LUGAR (l_id_lugar, l_nombre, l_tipo, lugar_id) VALUES (1021,'Mucutuy','parroquia', 209);
INSERT INTO LUGAR (l_id_lugar, l_nombre, l_tipo, lugar_id) VALUES (1022,'Mucuchachí','parroquia', 209);
INSERT INTO LUGAR (l_id_lugar, l_nombre, l_tipo, lugar_id) VALUES (1023,'Fernández Peña','parroquia', 210);
INSERT INTO LUGAR (l_id_lugar, l_nombre, l_tipo, lugar_id) VALUES (1024,'Matriz','parroquia', 210);
INSERT INTO LUGAR (l_id_lugar, l_nombre, l_tipo, lugar_id) VALUES (1025,'Montalbán','parroquia', 210);
INSERT INTO LUGAR (l_id_lugar, l_nombre, l_tipo, lugar_id) VALUES (1026,'Acequias','parroquia', 210);
INSERT INTO LUGAR (l_id_lugar, l_nombre, l_tipo, lugar_id) VALUES (1027,'Jají','parroquia', 210);
INSERT INTO LUGAR (l_id_lugar, l_nombre, l_tipo, lugar_id) VALUES (1028,'La Mesa','parroquia', 210);
INSERT INTO LUGAR (l_id_lugar, l_nombre, l_tipo, lugar_id) VALUES (1029,'San José del Sur','parroquia', 210);
INSERT INTO LUGAR (l_id_lugar, l_nombre, l_tipo, lugar_id) VALUES (1030,'Tucaní','parroquia', 211);
INSERT INTO LUGAR (l_id_lugar, l_nombre, l_tipo, lugar_id) VALUES (1031,'Florencio Ramírez','parroquia', 211);
INSERT INTO LUGAR (l_id_lugar, l_nombre, l_tipo, lugar_id) VALUES (1032,'Santo Domingo','parroquia', 212);
INSERT INTO LUGAR (l_id_lugar, l_nombre, l_tipo, lugar_id) VALUES (1033,'Las Piedras','parroquia', 212);
INSERT INTO LUGAR (l_id_lugar, l_nombre, l_tipo, lugar_id) VALUES (1034,'Guaraque','parroquia', 213);
INSERT INTO LUGAR (l_id_lugar, l_nombre, l_tipo, lugar_id) VALUES (1035,'Mesa de Quintero','parroquia', 213);
INSERT INTO LUGAR (l_id_lugar, l_nombre, l_tipo, lugar_id) VALUES (1036,'Río Negro','parroquia', 213);
INSERT INTO LUGAR (l_id_lugar, l_nombre, l_tipo, lugar_id) VALUES (1037,'Arapuey','parroquia', 214);
INSERT INTO LUGAR (l_id_lugar, l_nombre, l_tipo, lugar_id) VALUES (1038,'Palmira','parroquia', 214);
INSERT INTO LUGAR (l_id_lugar, l_nombre, l_tipo, lugar_id) VALUES (1039,'San Cristóbal de Torondoy','parroquia', 215);
INSERT INTO LUGAR (l_id_lugar, l_nombre, l_tipo, lugar_id) VALUES (1040,'Torondoy','parroquia', 215);
INSERT INTO LUGAR (l_id_lugar, l_nombre, l_tipo, lugar_id) VALUES (1041,'Antonio Spinetti Dini','parroquia', 216);
INSERT INTO LUGAR (l_id_lugar, l_nombre, l_tipo, lugar_id) VALUES (1042,'Arias','parroquia', 216);
INSERT INTO LUGAR (l_id_lugar, l_nombre, l_tipo, lugar_id) VALUES (1043,'Caracciolo Parra Pérez','parroquia', 216);
INSERT INTO LUGAR (l_id_lugar, l_nombre, l_tipo, lugar_id) VALUES (1044,'Domingo Peña','parroquia', 216);
INSERT INTO LUGAR (l_id_lugar, l_nombre, l_tipo, lugar_id) VALUES (1045,'El Llano','parroquia', 216);
INSERT INTO LUGAR (l_id_lugar, l_nombre, l_tipo, lugar_id) VALUES (1046,'Gonzalo Picón Febres','parroquia', 216);
INSERT INTO LUGAR (l_id_lugar, l_nombre, l_tipo, lugar_id) VALUES (1047,'Jacinto Plaza','parroquia', 216);
INSERT INTO LUGAR (l_id_lugar, l_nombre, l_tipo, lugar_id) VALUES (1048,'Juan Rodríguez Suárez','parroquia', 216);
INSERT INTO LUGAR (l_id_lugar, l_nombre, l_tipo, lugar_id) VALUES (1049,'Lasso de la Vega','parroquia', 216);
INSERT INTO LUGAR (l_id_lugar, l_nombre, l_tipo, lugar_id) VALUES (1050,'Mariano Picón Salas','parroquia', 216);
INSERT INTO LUGAR (l_id_lugar, l_nombre, l_tipo, lugar_id) VALUES (1051,'Milla','parroquia', 216);
INSERT INTO LUGAR (l_id_lugar, l_nombre, l_tipo, lugar_id) VALUES (1052,'Osuna Rodríguez','parroquia', 216);
INSERT INTO LUGAR (l_id_lugar, l_nombre, l_tipo, lugar_id) VALUES (1053,'Sagrario','parroquia', 216);
INSERT INTO LUGAR (l_id_lugar, l_nombre, l_tipo, lugar_id) VALUES (1054,'El Morro','parroquia', 216);
INSERT INTO LUGAR (l_id_lugar, l_nombre, l_tipo, lugar_id) VALUES (1055,'Los Nevados','parroquia', 216);
INSERT INTO LUGAR (l_id_lugar, l_nombre, l_tipo, lugar_id) VALUES (1056,'Andrés Eloy Blanco','parroquia', 217);
INSERT INTO LUGAR (l_id_lugar, l_nombre, l_tipo, lugar_id) VALUES (1057,'La Venta','parroquia', 217);
INSERT INTO LUGAR (l_id_lugar, l_nombre, l_tipo, lugar_id) VALUES (1058,'Piñango','parroquia', 217);
INSERT INTO LUGAR (l_id_lugar, l_nombre, l_tipo, lugar_id) VALUES (1059,'Timotes','parroquia', 217);
INSERT INTO LUGAR (l_id_lugar, l_nombre, l_tipo, lugar_id) VALUES (1060,'Eloy Paredes','parroquia', 218);
INSERT INTO LUGAR (l_id_lugar, l_nombre, l_tipo, lugar_id) VALUES (1061,'San Rafael de Alcázar','parroquia', 218);
INSERT INTO LUGAR (l_id_lugar, l_nombre, l_tipo, lugar_id) VALUES (1062,'Santa Elena de Arenales','parroquia', 218);
INSERT INTO LUGAR (l_id_lugar, l_nombre, l_tipo, lugar_id) VALUES (1063,'Santa María de Caparo','parroquia', 219);
INSERT INTO LUGAR (l_id_lugar, l_nombre, l_tipo, lugar_id) VALUES (1064,'Pueblo Llano','parroquia', 220);
INSERT INTO LUGAR (l_id_lugar, l_nombre, l_tipo, lugar_id) VALUES (1065,'Cacute','parroquia', 221);
INSERT INTO LUGAR (l_id_lugar, l_nombre, l_tipo, lugar_id) VALUES (1066,'La Toma','parroquia', 221);
INSERT INTO LUGAR (l_id_lugar, l_nombre, l_tipo, lugar_id) VALUES (1067,'Mucuchíes','parroquia', 221);
INSERT INTO LUGAR (l_id_lugar, l_nombre, l_tipo, lugar_id) VALUES (1068,'Mucurubá','parroquia', 221);
INSERT INTO LUGAR (l_id_lugar, l_nombre, l_tipo, lugar_id) VALUES (1069,'San Rafael','parroquia', 221);
INSERT INTO LUGAR (l_id_lugar, l_nombre, l_tipo, lugar_id) VALUES (1070,'Gerónimo Maldonado','parroquia', 222);
INSERT INTO LUGAR (l_id_lugar, l_nombre, l_tipo, lugar_id) VALUES (1071,'Bailadores','parroquia', 222);
INSERT INTO LUGAR (l_id_lugar, l_nombre, l_tipo, lugar_id) VALUES (1072,'Tabay','parroquia', 223);
INSERT INTO LUGAR (l_id_lugar, l_nombre, l_tipo, lugar_id) VALUES (1073,'Chiguará','parroquia', 224);
INSERT INTO LUGAR (l_id_lugar, l_nombre, l_tipo, lugar_id) VALUES (1074,'Estánquez','parroquia', 224);
INSERT INTO LUGAR (l_id_lugar, l_nombre, l_tipo, lugar_id) VALUES (1075,'Lagunillas','parroquia', 224);
INSERT INTO LUGAR (l_id_lugar, l_nombre, l_tipo, lugar_id) VALUES (1076,'La Trampa','parroquia', 224);
INSERT INTO LUGAR (l_id_lugar, l_nombre, l_tipo, lugar_id) VALUES (1077,'Pueblo Nuevo del Sur','parroquia', 224);
INSERT INTO LUGAR (l_id_lugar, l_nombre, l_tipo, lugar_id) VALUES (1078,'San Juan','parroquia', 224);
INSERT INTO LUGAR (l_id_lugar, l_nombre, l_tipo, lugar_id) VALUES (1079,'El Amparo','parroquia', 225);
INSERT INTO LUGAR (l_id_lugar, l_nombre, l_tipo, lugar_id) VALUES (1080,'El Llano','parroquia', 225);
INSERT INTO LUGAR (l_id_lugar, l_nombre, l_tipo, lugar_id) VALUES (1081,'San Francisco','parroquia', 225);
INSERT INTO LUGAR (l_id_lugar, l_nombre, l_tipo, lugar_id) VALUES (1082,'Tovar','parroquia', 225);
INSERT INTO LUGAR (l_id_lugar, l_nombre, l_tipo, lugar_id) VALUES (1083,'Independencia','parroquia', 226);
INSERT INTO LUGAR (l_id_lugar, l_nombre, l_tipo, lugar_id) VALUES (1084,'María de la Concepción Palacios Blanco','parroquia', 226);
INSERT INTO LUGAR (l_id_lugar, l_nombre, l_tipo, lugar_id) VALUES (1085,'Nueva Bolivia','parroquia', 226);
INSERT INTO LUGAR (l_id_lugar, l_nombre, l_tipo, lugar_id) VALUES (1086,'Santa Apolonia','parroquia', 226);
INSERT INTO LUGAR (l_id_lugar, l_nombre, l_tipo, lugar_id) VALUES (1087,'Caño El Tigre','parroquia', 227);
INSERT INTO LUGAR (l_id_lugar, l_nombre, l_tipo, lugar_id) VALUES (1088,'Zea','parroquia', 227);
INSERT INTO LUGAR (l_id_lugar, l_nombre, l_tipo, lugar_id) VALUES (1089,'Aragüita','parroquia', 249);
INSERT INTO LUGAR (l_id_lugar, l_nombre, l_tipo, lugar_id) VALUES (1090,'Arévalo González','parroquia', 249);
INSERT INTO LUGAR (l_id_lugar, l_nombre, l_tipo, lugar_id) VALUES (1091,'Capaya','parroquia', 249);
INSERT INTO LUGAR (l_id_lugar, l_nombre, l_tipo, lugar_id) VALUES (1092,'Caucagua','parroquia', 249);
INSERT INTO LUGAR (l_id_lugar, l_nombre, l_tipo, lugar_id) VALUES (1093,'Panaquire','parroquia', 249);
INSERT INTO LUGAR (l_id_lugar, l_nombre, l_tipo, lugar_id) VALUES (1094,'Ribas','parroquia', 249);
INSERT INTO LUGAR (l_id_lugar, l_nombre, l_tipo, lugar_id) VALUES (1095,'El Café','parroquia', 249);
INSERT INTO LUGAR (l_id_lugar, l_nombre, l_tipo, lugar_id) VALUES (1096,'Marizapa','parroquia', 249);
INSERT INTO LUGAR (l_id_lugar, l_nombre, l_tipo, lugar_id) VALUES (1097,'Cumbo','parroquia', 250);
INSERT INTO LUGAR (l_id_lugar, l_nombre, l_tipo, lugar_id) VALUES (1098,'San José de Barlovento','parroquia', 250);
INSERT INTO LUGAR (l_id_lugar, l_nombre, l_tipo, lugar_id) VALUES (1099,'El Cafetal','parroquia', 251);
INSERT INTO LUGAR (l_id_lugar, l_nombre, l_tipo, lugar_id) VALUES (1100,'Las Minas','parroquia', 251);
INSERT INTO LUGAR (l_id_lugar, l_nombre, l_tipo, lugar_id) VALUES (1101,'Nuestra Señora del Rosario','parroquia', 251);
INSERT INTO LUGAR (l_id_lugar, l_nombre, l_tipo, lugar_id) VALUES (1102,'Higuerote','parroquia', 252);
INSERT INTO LUGAR (l_id_lugar, l_nombre, l_tipo, lugar_id) VALUES (1103,'Curiepe','parroquia', 252);
INSERT INTO LUGAR (l_id_lugar, l_nombre, l_tipo, lugar_id) VALUES (1104,'Tacarigua de Brión','parroquia', 252);
INSERT INTO LUGAR (l_id_lugar, l_nombre, l_tipo, lugar_id) VALUES (1105,'Mamporal','parroquia', 253);
INSERT INTO LUGAR (l_id_lugar, l_nombre, l_tipo, lugar_id) VALUES (1106,'Carrizal','parroquia', 254);
INSERT INTO LUGAR (l_id_lugar, l_nombre, l_tipo, lugar_id) VALUES (1107,'Chacao','parroquia', 255);
INSERT INTO LUGAR (l_id_lugar, l_nombre, l_tipo, lugar_id) VALUES (1108,'Charallave','parroquia', 256);
INSERT INTO LUGAR (l_id_lugar, l_nombre, l_tipo, lugar_id) VALUES (1109,'Las Brisas','parroquia', 256);
INSERT INTO LUGAR (l_id_lugar, l_nombre, l_tipo, lugar_id) VALUES (1110,'El Hatillo','parroquia', 257);
INSERT INTO LUGAR (l_id_lugar, l_nombre, l_tipo, lugar_id) VALUES (1111,'Altagracia de la Montaña','parroquia', 258);
INSERT INTO LUGAR (l_id_lugar, l_nombre, l_tipo, lugar_id) VALUES (1112,'Cecilio Acosta','parroquia', 258);
INSERT INTO LUGAR (l_id_lugar, l_nombre, l_tipo, lugar_id) VALUES (1113,'Los Teques','parroquia', 258);
INSERT INTO LUGAR (l_id_lugar, l_nombre, l_tipo, lugar_id) VALUES (1114,'El Jarillo','parroquia', 258);
INSERT INTO LUGAR (l_id_lugar, l_nombre, l_tipo, lugar_id) VALUES (1115,'San Pedro','parroquia', 258);
INSERT INTO LUGAR (l_id_lugar, l_nombre, l_tipo, lugar_id) VALUES (1116,'Tácata','parroquia', 258);
INSERT INTO LUGAR (l_id_lugar, l_nombre, l_tipo, lugar_id) VALUES (1117,'Paracotos','parroquia', 258);
INSERT INTO LUGAR (l_id_lugar, l_nombre, l_tipo, lugar_id) VALUES (1118,'Cartanal','parroquia', 259);
INSERT INTO LUGAR (l_id_lugar, l_nombre, l_tipo, lugar_id) VALUES (1119,'Santa Teresa del Tuy','parroquia', 259);
INSERT INTO LUGAR (l_id_lugar, l_nombre, l_tipo, lugar_id) VALUES (1120,'La Democracia','parroquia', 260);
INSERT INTO LUGAR (l_id_lugar, l_nombre, l_tipo, lugar_id) VALUES (1121,'Ocumare del Tuy','parroquia', 260);
INSERT INTO LUGAR (l_id_lugar, l_nombre, l_tipo, lugar_id) VALUES (1122,'Santa Bárbara','parroquia', 260);
INSERT INTO LUGAR (l_id_lugar, l_nombre, l_tipo, lugar_id) VALUES (1123,'San Antonio de los Altos','parroquia', 261);
INSERT INTO LUGAR (l_id_lugar, l_nombre, l_tipo, lugar_id) VALUES (1124,'Río Chico','parroquia', 262);
INSERT INTO LUGAR (l_id_lugar, l_nombre, l_tipo, lugar_id) VALUES (1125,'El Guapo','parroquia', 262);
INSERT INTO LUGAR (l_id_lugar, l_nombre, l_tipo, lugar_id) VALUES (1126,'Tacarigua de la Laguna','parroquia', 262);
INSERT INTO LUGAR (l_id_lugar, l_nombre, l_tipo, lugar_id) VALUES (1127,'Paparo','parroquia', 262);
INSERT INTO LUGAR (l_id_lugar, l_nombre, l_tipo, lugar_id) VALUES (1128,'San Fernando del Guapo','parroquia', 262);
INSERT INTO LUGAR (l_id_lugar, l_nombre, l_tipo, lugar_id) VALUES (1129,'Santa Lucía del Tuy','parroquia', 263);
INSERT INTO LUGAR (l_id_lugar, l_nombre, l_tipo, lugar_id) VALUES (1130,'Cúpira','parroquia', 264);
INSERT INTO LUGAR (l_id_lugar, l_nombre, l_tipo, lugar_id) VALUES (1131,'Machurucuto','parroquia', 264);
INSERT INTO LUGAR (l_id_lugar, l_nombre, l_tipo, lugar_id) VALUES (1132,'Guarenas','parroquia', 265);
INSERT INTO LUGAR (l_id_lugar, l_nombre, l_tipo, lugar_id) VALUES (1133,'San Antonio de Yare','parroquia', 266);
INSERT INTO LUGAR (l_id_lugar, l_nombre, l_tipo, lugar_id) VALUES (1134,'San Francisco de Yare','parroquia', 266);
INSERT INTO LUGAR (l_id_lugar, l_nombre, l_tipo, lugar_id) VALUES (1135,'Leoncio Martínez','parroquia', 267);
INSERT INTO LUGAR (l_id_lugar, l_nombre, l_tipo, lugar_id) VALUES (1136,'Petare','parroquia', 267);
INSERT INTO LUGAR (l_id_lugar, l_nombre, l_tipo, lugar_id) VALUES (1137,'Caucagüita','parroquia', 267);
INSERT INTO LUGAR (l_id_lugar, l_nombre, l_tipo, lugar_id) VALUES (1138,'Filas de Mariche','parroquia', 267);
INSERT INTO LUGAR (l_id_lugar, l_nombre, l_tipo, lugar_id) VALUES (1139,'La Dolorita','parroquia', 267);
INSERT INTO LUGAR (l_id_lugar, l_nombre, l_tipo, lugar_id) VALUES (1140,'Cúa','parroquia', 268);
INSERT INTO LUGAR (l_id_lugar, l_nombre, l_tipo, lugar_id) VALUES (1141,'Nueva Cúa','parroquia', 268);
INSERT INTO LUGAR (l_id_lugar, l_nombre, l_tipo, lugar_id) VALUES (1142,'Guatire','parroquia', 269);
INSERT INTO LUGAR (l_id_lugar, l_nombre, l_tipo, lugar_id) VALUES (1143,'Bolívar','parroquia', 269);
INSERT INTO LUGAR (l_id_lugar, l_nombre, l_tipo, lugar_id) VALUES (1144,'San Antonio de Maturín','parroquia', 284);
INSERT INTO LUGAR (l_id_lugar, l_nombre, l_tipo, lugar_id) VALUES (1145,'San Francisco de Maturín','parroquia', 284);
INSERT INTO LUGAR (l_id_lugar, l_nombre, l_tipo, lugar_id) VALUES (1146,'Aguasay','parroquia', 285);
INSERT INTO LUGAR (l_id_lugar, l_nombre, l_tipo, lugar_id) VALUES (1147,'Caripito','parroquia', 286);
INSERT INTO LUGAR (l_id_lugar, l_nombre, l_tipo, lugar_id) VALUES (1148,'El Guácharo','parroquia', 287);
INSERT INTO LUGAR (l_id_lugar, l_nombre, l_tipo, lugar_id) VALUES (1149,'La Guanota','parroquia', 287);
INSERT INTO LUGAR (l_id_lugar, l_nombre, l_tipo, lugar_id) VALUES (1150,'Sabana de Piedra','parroquia', 287);
INSERT INTO LUGAR (l_id_lugar, l_nombre, l_tipo, lugar_id) VALUES (1151,'San Agustín','parroquia', 287);
INSERT INTO LUGAR (l_id_lugar, l_nombre, l_tipo, lugar_id) VALUES (1152,'Teresen','parroquia', 287);
INSERT INTO LUGAR (l_id_lugar, l_nombre, l_tipo, lugar_id) VALUES (1153,'Caripe','parroquia', 287);
INSERT INTO LUGAR (l_id_lugar, l_nombre, l_tipo, lugar_id) VALUES (1154,'Areo','parroquia', 288);
INSERT INTO LUGAR (l_id_lugar, l_nombre, l_tipo, lugar_id) VALUES (1155,'Capital Cedeño','parroquia', 288);
INSERT INTO LUGAR (l_id_lugar, l_nombre, l_tipo, lugar_id) VALUES (1156,'San Félix de Cantalicio','parroquia', 288);
INSERT INTO LUGAR (l_id_lugar, l_nombre, l_tipo, lugar_id) VALUES (1157,'Viento Fresco','parroquia', 288);
INSERT INTO LUGAR (l_id_lugar, l_nombre, l_tipo, lugar_id) VALUES (1158,'El Tejero','parroquia', 289);
INSERT INTO LUGAR (l_id_lugar, l_nombre, l_tipo, lugar_id) VALUES (1159,'Punta de Mata','parroquia', 289);
INSERT INTO LUGAR (l_id_lugar, l_nombre, l_tipo, lugar_id) VALUES (1160,'Chaguaramas','parroquia', 290);
INSERT INTO LUGAR (l_id_lugar, l_nombre, l_tipo, lugar_id) VALUES (1161,'Las Alhuacas','parroquia', 290);
INSERT INTO LUGAR (l_id_lugar, l_nombre, l_tipo, lugar_id) VALUES (1162,'Tabasca','parroquia', 290);
INSERT INTO LUGAR (l_id_lugar, l_nombre, l_tipo, lugar_id) VALUES (1163,'Temblador','parroquia', 290);
INSERT INTO LUGAR (l_id_lugar, l_nombre, l_tipo, lugar_id) VALUES (1164,'Alto de los Godos','parroquia', 291);
INSERT INTO LUGAR (l_id_lugar, l_nombre, l_tipo, lugar_id) VALUES (1165,'Boquerón','parroquia', 291);
INSERT INTO LUGAR (l_id_lugar, l_nombre, l_tipo, lugar_id) VALUES (1166,'Las Cocuizas','parroquia', 291);
INSERT INTO LUGAR (l_id_lugar, l_nombre, l_tipo, lugar_id) VALUES (1167,'La Cruz','parroquia', 291);
INSERT INTO LUGAR (l_id_lugar, l_nombre, l_tipo, lugar_id) VALUES (1168,'San Simón','parroquia', 291);
INSERT INTO LUGAR (l_id_lugar, l_nombre, l_tipo, lugar_id) VALUES (1169,'El Corozo','parroquia', 291);
INSERT INTO LUGAR (l_id_lugar, l_nombre, l_tipo, lugar_id) VALUES (1170,'El Furrial','parroquia', 291);
INSERT INTO LUGAR (l_id_lugar, l_nombre, l_tipo, lugar_id) VALUES (1171,'Jusepín','parroquia', 291);
INSERT INTO LUGAR (l_id_lugar, l_nombre, l_tipo, lugar_id) VALUES (1172,'La Pica','parroquia', 291);
INSERT INTO LUGAR (l_id_lugar, l_nombre, l_tipo, lugar_id) VALUES (1173,'San Vicente','parroquia', 291);
INSERT INTO LUGAR (l_id_lugar, l_nombre, l_tipo, lugar_id) VALUES (1174,'Aparicio','parroquia', 292);
INSERT INTO LUGAR (l_id_lugar, l_nombre, l_tipo, lugar_id) VALUES (1175,'Aragua de Maturín','parroquia', 292);
INSERT INTO LUGAR (l_id_lugar, l_nombre, l_tipo, lugar_id) VALUES (1176,'Chaguamal','parroquia', 292);
INSERT INTO LUGAR (l_id_lugar, l_nombre, l_tipo, lugar_id) VALUES (1177,'El Pinto','parroquia', 292);
INSERT INTO LUGAR (l_id_lugar, l_nombre, l_tipo, lugar_id) VALUES (1178,'Guanaguana','parroquia', 292);
INSERT INTO LUGAR (l_id_lugar, l_nombre, l_tipo, lugar_id) VALUES (1179,'La Toscana','parroquia', 292);
INSERT INTO LUGAR (l_id_lugar, l_nombre, l_tipo, lugar_id) VALUES (1180,'Taguaya','parroquia', 292);
INSERT INTO LUGAR (l_id_lugar, l_nombre, l_tipo, lugar_id) VALUES (1181,'Cachipo','parroquia', 293);
INSERT INTO LUGAR (l_id_lugar, l_nombre, l_tipo, lugar_id) VALUES (1182,'Quiriquire','parroquia', 293);
INSERT INTO LUGAR (l_id_lugar, l_nombre, l_tipo, lugar_id) VALUES (1183,'Santa Bárbara','parroquia', 294);
INSERT INTO LUGAR (l_id_lugar, l_nombre, l_tipo, lugar_id) VALUES (1184,'Barrancas','parroquia', 295);
INSERT INTO LUGAR (l_id_lugar, l_nombre, l_tipo, lugar_id) VALUES (1185,'Los Barrancos de Fajardo','parroquia', 295);
INSERT INTO LUGAR (l_id_lugar, l_nombre, l_tipo, lugar_id) VALUES (1186,'Uracoa','parroquia', 296);
INSERT INTO LUGAR (l_id_lugar, l_nombre, l_tipo, lugar_id) VALUES (1187,'Antolín del Campo','parroquia', 297);
INSERT INTO LUGAR (l_id_lugar, l_nombre, l_tipo, lugar_id) VALUES (1188,'Arismendi','parroquia', 298);
INSERT INTO LUGAR (l_id_lugar, l_nombre, l_tipo, lugar_id) VALUES (1189,'García','parroquia', 299);
INSERT INTO LUGAR (l_id_lugar, l_nombre, l_tipo, lugar_id) VALUES (1190,'Francisco Fajardo','parroquia', 299);
INSERT INTO LUGAR (l_id_lugar, l_nombre, l_tipo, lugar_id) VALUES (1191,'Bolívar','parroquia', 300);
INSERT INTO LUGAR (l_id_lugar, l_nombre, l_tipo, lugar_id) VALUES (1192,'Guevara','parroquia', 300);
INSERT INTO LUGAR (l_id_lugar, l_nombre, l_tipo, lugar_id) VALUES (1193,'Matasiete','parroquia', 300);
INSERT INTO LUGAR (l_id_lugar, l_nombre, l_tipo, lugar_id) VALUES (1194,'Santa Ana','parroquia', 300);
INSERT INTO LUGAR (l_id_lugar, l_nombre, l_tipo, lugar_id) VALUES (1195,'Sucre','parroquia', 300);
INSERT INTO LUGAR (l_id_lugar, l_nombre, l_tipo, lugar_id) VALUES (1196,'Aguirre','parroquia', 301);
INSERT INTO LUGAR (l_id_lugar, l_nombre, l_tipo, lugar_id) VALUES (1197,'Maneiro','parroquia', 301);
INSERT INTO LUGAR (l_id_lugar, l_nombre, l_tipo, lugar_id) VALUES (1198,'Adrián','parroquia', 302);
INSERT INTO LUGAR (l_id_lugar, l_nombre, l_tipo, lugar_id) VALUES (1199,'Juan Griego','parroquia', 302);
INSERT INTO LUGAR (l_id_lugar, l_nombre, l_tipo, lugar_id) VALUES (1200,'Yaguaraparo','parroquia', 302);
INSERT INTO LUGAR (l_id_lugar, l_nombre, l_tipo, lugar_id) VALUES (1201,'Porlamar','parroquia', 303);
INSERT INTO LUGAR (l_id_lugar, l_nombre, l_tipo, lugar_id) VALUES (1202,'San Francisco de Macanao','parroquia', 304);
INSERT INTO LUGAR (l_id_lugar, l_nombre, l_tipo, lugar_id) VALUES (1203,'Boca de Río','parroquia', 304);
INSERT INTO LUGAR (l_id_lugar, l_nombre, l_tipo, lugar_id) VALUES (1204,'Tubores','parroquia', 305);
INSERT INTO LUGAR (l_id_lugar, l_nombre, l_tipo, lugar_id) VALUES (1205,'Los Baleales','parroquia', 305);
INSERT INTO LUGAR (l_id_lugar, l_nombre, l_tipo, lugar_id) VALUES (1206,'Vicente Fuentes','parroquia', 306);
INSERT INTO LUGAR (l_id_lugar, l_nombre, l_tipo, lugar_id) VALUES (1207,'Villalba','parroquia', 306);
INSERT INTO LUGAR (l_id_lugar, l_nombre, l_tipo, lugar_id) VALUES (1208,'San Juan Bautista','parroquia', 307);
INSERT INTO LUGAR (l_id_lugar, l_nombre, l_tipo, lugar_id) VALUES (1209,'Zabala','parroquia', 307);
INSERT INTO LUGAR (l_id_lugar, l_nombre, l_tipo, lugar_id) VALUES (1210,'Capital Araure','parroquia', 309);
INSERT INTO LUGAR (l_id_lugar, l_nombre, l_tipo, lugar_id) VALUES (1211,'Río Acarigua','parroquia', 309);
INSERT INTO LUGAR (l_id_lugar, l_nombre, l_tipo, lugar_id) VALUES (1212,'Capital Esteller','parroquia', 310);
INSERT INTO LUGAR (l_id_lugar, l_nombre, l_tipo, lugar_id) VALUES (1213,'Uveral','parroquia', 310);
INSERT INTO LUGAR (l_id_lugar, l_nombre, l_tipo, lugar_id) VALUES (1214,'Guanare','parroquia', 311);
INSERT INTO LUGAR (l_id_lugar, l_nombre, l_tipo, lugar_id) VALUES (1215,'Córdoba','parroquia', 311);
INSERT INTO LUGAR (l_id_lugar, l_nombre, l_tipo, lugar_id) VALUES (1216,'San José de la Montaña','parroquia', 311);
INSERT INTO LUGAR (l_id_lugar, l_nombre, l_tipo, lugar_id) VALUES (1217,'San Juan de Guanaguanare','parroquia', 311);
INSERT INTO LUGAR (l_id_lugar, l_nombre, l_tipo, lugar_id) VALUES (1218,'Virgen de la Coromoto','parroquia', 311);
INSERT INTO LUGAR (l_id_lugar, l_nombre, l_tipo, lugar_id) VALUES (1219,'Guanarito','parroquia', 312);
INSERT INTO LUGAR (l_id_lugar, l_nombre, l_tipo, lugar_id) VALUES (1220,'Trinidad de la Capilla','parroquia', 312);
INSERT INTO LUGAR (l_id_lugar, l_nombre, l_tipo, lugar_id) VALUES (1221,'Divina Pastora','parroquia', 312);
INSERT INTO LUGAR (l_id_lugar, l_nombre, l_tipo, lugar_id) VALUES (1222,'Monseñor José Vicente de Unda','parroquia', 313);
INSERT INTO LUGAR (l_id_lugar, l_nombre, l_tipo, lugar_id) VALUES (1223,'Peña Blanca','parroquia', 313);
INSERT INTO LUGAR (l_id_lugar, l_nombre, l_tipo, lugar_id) VALUES (1224,'Capital Ospino','parroquia', 314);
INSERT INTO LUGAR (l_id_lugar, l_nombre, l_tipo, lugar_id) VALUES (1225,'Aparición','parroquia', 314);
INSERT INTO LUGAR (l_id_lugar, l_nombre, l_tipo, lugar_id) VALUES (1226,'La Estación','parroquia', 314);
INSERT INTO LUGAR (l_id_lugar, l_nombre, l_tipo, lugar_id) VALUES (1227,'Páez','parroquia', 315);
INSERT INTO LUGAR (l_id_lugar, l_nombre, l_tipo, lugar_id) VALUES (1228,'Payara','parroquia', 315);
INSERT INTO LUGAR (l_id_lugar, l_nombre, l_tipo, lugar_id) VALUES (1229,'Pimpinela','parroquia', 315);
INSERT INTO LUGAR (l_id_lugar, l_nombre, l_tipo, lugar_id) VALUES (1230,'Ramón Peraza','parroquia', 315);
INSERT INTO LUGAR (l_id_lugar, l_nombre, l_tipo, lugar_id) VALUES (1231,'Papelón','parroquia', 316);
INSERT INTO LUGAR (l_id_lugar, l_nombre, l_tipo, lugar_id) VALUES (1232,'Caño Delgadito','parroquia', 316);
INSERT INTO LUGAR (l_id_lugar, l_nombre, l_tipo, lugar_id) VALUES (1233,'San Genaro de Boconoito','parroquia', 317);
INSERT INTO LUGAR (l_id_lugar, l_nombre, l_tipo, lugar_id) VALUES (1234,'Antolín Tovar','parroquia', 317);
INSERT INTO LUGAR (l_id_lugar, l_nombre, l_tipo, lugar_id) VALUES (1235,'San Rafael de Onoto','parroquia', 318);
INSERT INTO LUGAR (l_id_lugar, l_nombre, l_tipo, lugar_id) VALUES (1236,'Santa Fe','parroquia', 318);
INSERT INTO LUGAR (l_id_lugar, l_nombre, l_tipo, lugar_id) VALUES (1237,'Thermo Morles','parroquia', 318);
INSERT INTO LUGAR (l_id_lugar, l_nombre, l_tipo, lugar_id) VALUES (1238,'Santa Rosalía','parroquia', 319);
INSERT INTO LUGAR (l_id_lugar, l_nombre, l_tipo, lugar_id) VALUES (1239,'Florida','parroquia', 319);
INSERT INTO LUGAR (l_id_lugar, l_nombre, l_tipo, lugar_id) VALUES (1240,'Sucre','parroquia', 320);
INSERT INTO LUGAR (l_id_lugar, l_nombre, l_tipo, lugar_id) VALUES (1241,'Concepción','parroquia', 320);
INSERT INTO LUGAR (l_id_lugar, l_nombre, l_tipo, lugar_id) VALUES (1242,'San Rafael de Palo Alzado','parroquia', 320);
INSERT INTO LUGAR (l_id_lugar, l_nombre, l_tipo, lugar_id) VALUES (1243,'Uvencio Antonio Velásquez','parroquia', 320);
INSERT INTO LUGAR (l_id_lugar, l_nombre, l_tipo, lugar_id) VALUES (1244,'San José de Saguaz','parroquia', 320);
INSERT INTO LUGAR (l_id_lugar, l_nombre, l_tipo, lugar_id) VALUES (1245,'Villa Rosa','parroquia', 320);
INSERT INTO LUGAR (l_id_lugar, l_nombre, l_tipo, lugar_id) VALUES (1246,'Turén','parroquia', 321);
INSERT INTO LUGAR (l_id_lugar, l_nombre, l_tipo, lugar_id) VALUES (1247,'Canelones','parroquia', 321);
INSERT INTO LUGAR (l_id_lugar, l_nombre, l_tipo, lugar_id) VALUES (1248,'Santa Cruz','parroquia', 321);
INSERT INTO LUGAR (l_id_lugar, l_nombre, l_tipo, lugar_id) VALUES (1249,'San Isidro Labrador','parroquia', 321);
INSERT INTO LUGAR (l_id_lugar, l_nombre, l_tipo, lugar_id) VALUES (1250,'Mariño','parroquia', 322);
INSERT INTO LUGAR (l_id_lugar, l_nombre, l_tipo, lugar_id) VALUES (1251,'Rómulo Gallegos','parroquia', 322);
INSERT INTO LUGAR (l_id_lugar, l_nombre, l_tipo, lugar_id) VALUES (1252,'San José de Aerocuar','parroquia', 323);
INSERT INTO LUGAR (l_id_lugar, l_nombre, l_tipo, lugar_id) VALUES (1253,'Tavera Acosta','parroquia', 323);
INSERT INTO LUGAR (l_id_lugar, l_nombre, l_tipo, lugar_id) VALUES (1254,'Río Caribe','parroquia', 324);
INSERT INTO LUGAR (l_id_lugar, l_nombre, l_tipo, lugar_id) VALUES (1255,'Antonio José de Sucre','parroquia', 324);
INSERT INTO LUGAR (l_id_lugar, l_nombre, l_tipo, lugar_id) VALUES (1256,'El Morro de Puerto Santo','parroquia', 324);
INSERT INTO LUGAR (l_id_lugar, l_nombre, l_tipo, lugar_id) VALUES (1257,'Puerto Santo','parroquia', 324);
INSERT INTO LUGAR (l_id_lugar, l_nombre, l_tipo, lugar_id) VALUES (1258,'San Juan de las Galdonas','parroquia', 324);
INSERT INTO LUGAR (l_id_lugar, l_nombre, l_tipo, lugar_id) VALUES (1259,'El Pilar','parroquia', 325);
INSERT INTO LUGAR (l_id_lugar, l_nombre, l_tipo, lugar_id) VALUES (1260,'El Rincón','parroquia', 325);
INSERT INTO LUGAR (l_id_lugar, l_nombre, l_tipo, lugar_id) VALUES (1261,'General Francisco Antonio Váquez','parroquia', 325);
INSERT INTO LUGAR (l_id_lugar, l_nombre, l_tipo, lugar_id) VALUES (1262,'Guaraúnos','parroquia', 325);
INSERT INTO LUGAR (l_id_lugar, l_nombre, l_tipo, lugar_id) VALUES (1263,'Tunapuicito','parroquia', 325);
INSERT INTO LUGAR (l_id_lugar, l_nombre, l_tipo, lugar_id) VALUES (1264,'Unión','parroquia', 325);
INSERT INTO LUGAR (l_id_lugar, l_nombre, l_tipo, lugar_id) VALUES (1265,'Santa Catalina','parroquia', 326);
INSERT INTO LUGAR (l_id_lugar, l_nombre, l_tipo, lugar_id) VALUES (1266,'Santa Rosa','parroquia', 326);
INSERT INTO LUGAR (l_id_lugar, l_nombre, l_tipo, lugar_id) VALUES (1267,'Santa Teresa','parroquia', 326);
INSERT INTO LUGAR (l_id_lugar, l_nombre, l_tipo, lugar_id) VALUES (1268,'Bolívar','parroquia', 326);
INSERT INTO LUGAR (l_id_lugar, l_nombre, l_tipo, lugar_id) VALUES (1269,'Maracapana','parroquia', 326);
INSERT INTO LUGAR (l_id_lugar, l_nombre, l_tipo, lugar_id) VALUES (1270,'Libertad','parroquia', 328);
INSERT INTO LUGAR (l_id_lugar, l_nombre, l_tipo, lugar_id) VALUES (1271,'El Paujil','parroquia', 328);
INSERT INTO LUGAR (l_id_lugar, l_nombre, l_tipo, lugar_id) VALUES (1272,'Yaguaraparo','parroquia', 328);
INSERT INTO LUGAR (l_id_lugar, l_nombre, l_tipo, lugar_id) VALUES (1273,'Cruz Salmerón Acosta','parroquia', 329);
INSERT INTO LUGAR (l_id_lugar, l_nombre, l_tipo, lugar_id) VALUES (1274,'Chacopata','parroquia', 329);
INSERT INTO LUGAR (l_id_lugar, l_nombre, l_tipo, lugar_id) VALUES (1275,'Manicuare','parroquia', 329);
INSERT INTO LUGAR (l_id_lugar, l_nombre, l_tipo, lugar_id) VALUES (1276,'Tunapuy','parroquia', 330);
INSERT INTO LUGAR (l_id_lugar, l_nombre, l_tipo, lugar_id) VALUES (1277,'Campo Elías','parroquia', 330);
INSERT INTO LUGAR (l_id_lugar, l_nombre, l_tipo, lugar_id) VALUES (1278,'Irapa','parroquia', 331);
INSERT INTO LUGAR (l_id_lugar, l_nombre, l_tipo, lugar_id) VALUES (1279,'Campo Claro','parroquia', 331);
INSERT INTO LUGAR (l_id_lugar, l_nombre, l_tipo, lugar_id) VALUES (1280,'Maraval','parroquia', 331);
INSERT INTO LUGAR (l_id_lugar, l_nombre, l_tipo, lugar_id) VALUES (1281,'San Antonio de Irapa','parroquia', 331);
INSERT INTO LUGAR (l_id_lugar, l_nombre, l_tipo, lugar_id) VALUES (1282,'Soro','parroquia', 331);
INSERT INTO LUGAR (l_id_lugar, l_nombre, l_tipo, lugar_id) VALUES (1283,'Mejía','parroquia', 332);
INSERT INTO LUGAR (l_id_lugar, l_nombre, l_tipo, lugar_id) VALUES (1284,'Cumanacoa','parroquia', 333);
INSERT INTO LUGAR (l_id_lugar, l_nombre, l_tipo, lugar_id) VALUES (1285,'Arenas','parroquia', 333);
INSERT INTO LUGAR (l_id_lugar, l_nombre, l_tipo, lugar_id) VALUES (1286,'Aricagua','parroquia', 333);
INSERT INTO LUGAR (l_id_lugar, l_nombre, l_tipo, lugar_id) VALUES (1287,'Cogollar','parroquia', 333);
INSERT INTO LUGAR (l_id_lugar, l_nombre, l_tipo, lugar_id) VALUES (1288,'San Fernando','parroquia', 333);
INSERT INTO LUGAR (l_id_lugar, l_nombre, l_tipo, lugar_id) VALUES (1289,'San Lorenzo','parroquia', 333);
INSERT INTO LUGAR (l_id_lugar, l_nombre, l_tipo, lugar_id) VALUES (1290,'Villa Frontado (Muelle de Cariaco)','parroquia', 334);
INSERT INTO LUGAR (l_id_lugar, l_nombre, l_tipo, lugar_id) VALUES (1291,'Catuaro','parroquia', 334);
INSERT INTO LUGAR (l_id_lugar, l_nombre, l_tipo, lugar_id) VALUES (1292,'Rendón','parroquia', 334);
INSERT INTO LUGAR (l_id_lugar, l_nombre, l_tipo, lugar_id) VALUES (1293,'San Cruz','parroquia', 334);
INSERT INTO LUGAR (l_id_lugar, l_nombre, l_tipo, lugar_id) VALUES (1294,'Santa María','parroquia', 334);
INSERT INTO LUGAR (l_id_lugar, l_nombre, l_tipo, lugar_id) VALUES (1295,'Altagracia','parroquia', 335);
INSERT INTO LUGAR (l_id_lugar, l_nombre, l_tipo, lugar_id) VALUES (1296,'Santa Inés','parroquia', 335);
INSERT INTO LUGAR (l_id_lugar, l_nombre, l_tipo, lugar_id) VALUES (1297,'Valentín Valiente','parroquia', 335);
INSERT INTO LUGAR (l_id_lugar, l_nombre, l_tipo, lugar_id) VALUES (1298,'Ayacucho','parroquia', 335);
INSERT INTO LUGAR (l_id_lugar, l_nombre, l_tipo, lugar_id) VALUES (1299,'San Juan','parroquia', 335);
INSERT INTO LUGAR (l_id_lugar, l_nombre, l_tipo, lugar_id) VALUES (1300,'Raúl Leoni','parroquia', 335);
INSERT INTO LUGAR (l_id_lugar, l_nombre, l_tipo, lugar_id) VALUES (1301,'Gran Mariscal','parroquia', 335);
INSERT INTO LUGAR (l_id_lugar, l_nombre, l_tipo, lugar_id) VALUES (1302,'Cristóbal Colón','parroquia', 336);
INSERT INTO LUGAR (l_id_lugar, l_nombre, l_tipo, lugar_id) VALUES (1303,'Bideau','parroquia', 336);
INSERT INTO LUGAR (l_id_lugar, l_nombre, l_tipo, lugar_id) VALUES (1304,'Punta de Piedras','parroquia', 336);
INSERT INTO LUGAR (l_id_lugar, l_nombre, l_tipo, lugar_id) VALUES (1305,'Güiria','parroquia', 336);
INSERT INTO LUGAR (l_id_lugar, l_nombre, l_tipo, lugar_id) VALUES (1306,'Andrés Bello','parroquia', 367);
INSERT INTO LUGAR (l_id_lugar, l_nombre, l_tipo, lugar_id) VALUES (1307,'Antonio Rómulo Costa','parroquia', 368);
INSERT INTO LUGAR (l_id_lugar, l_nombre, l_tipo, lugar_id) VALUES (1308,'Ayacucho','parroquia', 369);
INSERT INTO LUGAR (l_id_lugar, l_nombre, l_tipo, lugar_id) VALUES (1309,'Rivas Berti','parroquia', 369);
INSERT INTO LUGAR (l_id_lugar, l_nombre, l_tipo, lugar_id) VALUES (1310,'San Pedro del Río','parroquia', 369);
INSERT INTO LUGAR (l_id_lugar, l_nombre, l_tipo, lugar_id) VALUES (1311,'Bolívar','parroquia', 370);
INSERT INTO LUGAR (l_id_lugar, l_nombre, l_tipo, lugar_id) VALUES (1312,'Palotal','parroquia', 370);
INSERT INTO LUGAR (l_id_lugar, l_nombre, l_tipo, lugar_id) VALUES (1313,'General Juan Vicente Gómez','parroquia', 370);
INSERT INTO LUGAR (l_id_lugar, l_nombre, l_tipo, lugar_id) VALUES (1314,'Isaías Medina Angarita','parroquia', 370);
INSERT INTO LUGAR (l_id_lugar, l_nombre, l_tipo, lugar_id) VALUES (1315,'Cárdenas','parroquia', 371);
INSERT INTO LUGAR (l_id_lugar, l_nombre, l_tipo, lugar_id) VALUES (1316,'Amenodoro Ángel Lamus','parroquia', 371);
INSERT INTO LUGAR (l_id_lugar, l_nombre, l_tipo, lugar_id) VALUES (1317,'La Florida','parroquia', 371);
INSERT INTO LUGAR (l_id_lugar, l_nombre, l_tipo, lugar_id) VALUES (1318,'Córdoba','parroquia', 372);
INSERT INTO LUGAR (l_id_lugar, l_nombre, l_tipo, lugar_id) VALUES (1319,'Fernández Feo','parroquia', 373);
INSERT INTO LUGAR (l_id_lugar, l_nombre, l_tipo, lugar_id) VALUES (1320,'Alberto Adriani','parroquia', 373);
INSERT INTO LUGAR (l_id_lugar, l_nombre, l_tipo, lugar_id) VALUES (1321,'Santo Domingo','parroquia', 373);
INSERT INTO LUGAR (l_id_lugar, l_nombre, l_tipo, lugar_id) VALUES (1322,'Francisco de Miranda','parroquia', 374);
INSERT INTO LUGAR (l_id_lugar, l_nombre, l_tipo, lugar_id) VALUES (1323,'García de Hevia','parroquia', 375);
INSERT INTO LUGAR (l_id_lugar, l_nombre, l_tipo, lugar_id) VALUES (1324,'Boca de Grita','parroquia', 375);
INSERT INTO LUGAR (l_id_lugar, l_nombre, l_tipo, lugar_id) VALUES (1325,'José Antonio Páez','parroquia', 375);
INSERT INTO LUGAR (l_id_lugar, l_nombre, l_tipo, lugar_id) VALUES (1326,'Guásimos','parroquia', 376);
INSERT INTO LUGAR (l_id_lugar, l_nombre, l_tipo, lugar_id) VALUES (1327,'Independencia','parroquia', 377);
INSERT INTO LUGAR (l_id_lugar, l_nombre, l_tipo, lugar_id) VALUES (1328,'Juan Germán Roscio','parroquia', 377);
INSERT INTO LUGAR (l_id_lugar, l_nombre, l_tipo, lugar_id) VALUES (1329,'Román Cárdenas','parroquia', 377);
INSERT INTO LUGAR (l_id_lugar, l_nombre, l_tipo, lugar_id) VALUES (1330,'Jáuregui','parroquia', 378);
INSERT INTO LUGAR (l_id_lugar, l_nombre, l_tipo, lugar_id) VALUES (1331,'Emilio Constantino Guerrero','parroquia', 378);
INSERT INTO LUGAR (l_id_lugar, l_nombre, l_tipo, lugar_id) VALUES (1332,'Monseñor Miguel Antonio Salas','parroquia', 378);
INSERT INTO LUGAR (l_id_lugar, l_nombre, l_tipo, lugar_id) VALUES (1333,'José María Vargas','parroquia', 379);
INSERT INTO LUGAR (l_id_lugar, l_nombre, l_tipo, lugar_id) VALUES (1334,'Junín','parroquia', 380);
INSERT INTO LUGAR (l_id_lugar, l_nombre, l_tipo, lugar_id) VALUES (1335,'La Petrólea','parroquia', 380);
INSERT INTO LUGAR (l_id_lugar, l_nombre, l_tipo, lugar_id) VALUES (1336,'Quinimarí','parroquia', 380);
INSERT INTO LUGAR (l_id_lugar, l_nombre, l_tipo, lugar_id) VALUES (1337,'Bramón','parroquia', 380);
INSERT INTO LUGAR (l_id_lugar, l_nombre, l_tipo, lugar_id) VALUES (1338,'Libertad','parroquia', 381);
INSERT INTO LUGAR (l_id_lugar, l_nombre, l_tipo, lugar_id) VALUES (1339,'Cipriano Castro','parroquia', 381);
INSERT INTO LUGAR (l_id_lugar, l_nombre, l_tipo, lugar_id) VALUES (1340,'Manuel Felipe Rugeles','parroquia', 381);
INSERT INTO LUGAR (l_id_lugar, l_nombre, l_tipo, lugar_id) VALUES (1341,'Libertador','parroquia', 382);
INSERT INTO LUGAR (l_id_lugar, l_nombre, l_tipo, lugar_id) VALUES (1342,'Doradas','parroquia', 382);
INSERT INTO LUGAR (l_id_lugar, l_nombre, l_tipo, lugar_id) VALUES (1343,'Emeterio Ochoa','parroquia', 382);
INSERT INTO LUGAR (l_id_lugar, l_nombre, l_tipo, lugar_id) VALUES (1344,'San Joaquín de Navay','parroquia', 382);
INSERT INTO LUGAR (l_id_lugar, l_nombre, l_tipo, lugar_id) VALUES (1345,'Lobatera','parroquia', 383);
INSERT INTO LUGAR (l_id_lugar, l_nombre, l_tipo, lugar_id) VALUES (1346,'Constitución','parroquia', 383);
INSERT INTO LUGAR (l_id_lugar, l_nombre, l_tipo, lugar_id) VALUES (1347,'Michelena','parroquia', 384);
INSERT INTO LUGAR (l_id_lugar, l_nombre, l_tipo, lugar_id) VALUES (1348,'Panamericano','parroquia', 385);
INSERT INTO LUGAR (l_id_lugar, l_nombre, l_tipo, lugar_id) VALUES (1349,'La Palmita','parroquia', 385);
INSERT INTO LUGAR (l_id_lugar, l_nombre, l_tipo, lugar_id) VALUES (1350,'Pedro María Ureña','parroquia', 386);
INSERT INTO LUGAR (l_id_lugar, l_nombre, l_tipo, lugar_id) VALUES (1351,'Nueva Arcadia','parroquia', 386);
INSERT INTO LUGAR (l_id_lugar, l_nombre, l_tipo, lugar_id) VALUES (1352,'Delicias','parroquia', 387);
INSERT INTO LUGAR (l_id_lugar, l_nombre, l_tipo, lugar_id) VALUES (1353,'Pecaya','parroquia', 387);
INSERT INTO LUGAR (l_id_lugar, l_nombre, l_tipo, lugar_id) VALUES (1354,'Samuel Darío Maldonado','parroquia', 388);
INSERT INTO LUGAR (l_id_lugar, l_nombre, l_tipo, lugar_id) VALUES (1355,'Boconó','parroquia', 388);
INSERT INTO LUGAR (l_id_lugar, l_nombre, l_tipo, lugar_id) VALUES (1356,'Hernández','parroquia', 388);
INSERT INTO LUGAR (l_id_lugar, l_nombre, l_tipo, lugar_id) VALUES (1357,'La Concordia','parroquia', 389);
INSERT INTO LUGAR (l_id_lugar, l_nombre, l_tipo, lugar_id) VALUES (1358,'San Juan Bautista','parroquia', 389);
INSERT INTO LUGAR (l_id_lugar, l_nombre, l_tipo, lugar_id) VALUES (1359,'Pedro María Morantes','parroquia', 389);
INSERT INTO LUGAR (l_id_lugar, l_nombre, l_tipo, lugar_id) VALUES (1360,'San Sebastián','parroquia', 389);
INSERT INTO LUGAR (l_id_lugar, l_nombre, l_tipo, lugar_id) VALUES (1361,'Dr. Francisco Romero Lobo','parroquia', 389);
INSERT INTO LUGAR (l_id_lugar, l_nombre, l_tipo, lugar_id) VALUES (1362,'Seboruco','parroquia', 390);
INSERT INTO LUGAR (l_id_lugar, l_nombre, l_tipo, lugar_id) VALUES (1363,'Simón Rodríguez','parroquia', 391);
INSERT INTO LUGAR (l_id_lugar, l_nombre, l_tipo, lugar_id) VALUES (1364,'Sucre','parroquia', 392);
INSERT INTO LUGAR (l_id_lugar, l_nombre, l_tipo, lugar_id) VALUES (1365,'Eleazar López Contreras','parroquia', 392);
INSERT INTO LUGAR (l_id_lugar, l_nombre, l_tipo, lugar_id) VALUES (1366,'San Pablo','parroquia', 392);
INSERT INTO LUGAR (l_id_lugar, l_nombre, l_tipo, lugar_id) VALUES (1367,'Torbes','parroquia', 393);
INSERT INTO LUGAR (l_id_lugar, l_nombre, l_tipo, lugar_id) VALUES (1368,'Uribante','parroquia', 394);
INSERT INTO LUGAR (l_id_lugar, l_nombre, l_tipo, lugar_id) VALUES (1369,'Cárdenas','parroquia', 394);
INSERT INTO LUGAR (l_id_lugar, l_nombre, l_tipo, lugar_id) VALUES (1370,'Juan Pablo Peñalosa','parroquia', 394);
INSERT INTO LUGAR (l_id_lugar, l_nombre, l_tipo, lugar_id) VALUES (1371,'Potosí','parroquia', 394);
INSERT INTO LUGAR (l_id_lugar, l_nombre, l_tipo, lugar_id) VALUES (1372,'San Judas Tadeo','parroquia', 395);
INSERT INTO LUGAR (l_id_lugar, l_nombre, l_tipo, lugar_id) VALUES (1373,'Araguaney','parroquia', 396);
INSERT INTO LUGAR (l_id_lugar, l_nombre, l_tipo, lugar_id) VALUES (1374,'El Jaguito','parroquia', 396);
INSERT INTO LUGAR (l_id_lugar, l_nombre, l_tipo, lugar_id) VALUES (1375,'La Esperanza','parroquia', 396);
INSERT INTO LUGAR (l_id_lugar, l_nombre, l_tipo, lugar_id) VALUES (1376,'Santa Isabel','parroquia', 396);
INSERT INTO LUGAR (l_id_lugar, l_nombre, l_tipo, lugar_id) VALUES (1377,'Boconó','parroquia', 397);
INSERT INTO LUGAR (l_id_lugar, l_nombre, l_tipo, lugar_id) VALUES (1378,'El Carmen','parroquia', 397);
INSERT INTO LUGAR (l_id_lugar, l_nombre, l_tipo, lugar_id) VALUES (1379,'Mosquey','parroquia', 397);
INSERT INTO LUGAR (l_id_lugar, l_nombre, l_tipo, lugar_id) VALUES (1380,'Ayacucho','parroquia', 397);
INSERT INTO LUGAR (l_id_lugar, l_nombre, l_tipo, lugar_id) VALUES (1381,'Burbusay','parroquia', 397);
INSERT INTO LUGAR (l_id_lugar, l_nombre, l_tipo, lugar_id) VALUES (1382,'General Ribas','parroquia', 397);
INSERT INTO LUGAR (l_id_lugar, l_nombre, l_tipo, lugar_id) VALUES (1383,'Guaramacal','parroquia', 397);
INSERT INTO LUGAR (l_id_lugar, l_nombre, l_tipo, lugar_id) VALUES (1384,'Vega de Guaramacal','parroquia', 397);
INSERT INTO LUGAR (l_id_lugar, l_nombre, l_tipo, lugar_id) VALUES (1385,'Monseñor Jáuregui','parroquia', 397);
INSERT INTO LUGAR (l_id_lugar, l_nombre, l_tipo, lugar_id) VALUES (1386,'Rafael Rangel','parroquia', 397);
INSERT INTO LUGAR (l_id_lugar, l_nombre, l_tipo, lugar_id) VALUES (1387,'San Miguel','parroquia', 397);
INSERT INTO LUGAR (l_id_lugar, l_nombre, l_tipo, lugar_id) VALUES (1388,'San José','parroquia', 397);
INSERT INTO LUGAR (l_id_lugar, l_nombre, l_tipo, lugar_id) VALUES (1389,'Sabana Grande','parroquia', 398);
INSERT INTO LUGAR (l_id_lugar, l_nombre, l_tipo, lugar_id) VALUES (1390,'Cheregüé','parroquia', 398);
INSERT INTO LUGAR (l_id_lugar, l_nombre, l_tipo, lugar_id) VALUES (1391,'Granados','parroquia', 398);
INSERT INTO LUGAR (l_id_lugar, l_nombre, l_tipo, lugar_id) VALUES (1392,'Arnoldo Gabaldón','parroquia', 399);
INSERT INTO LUGAR (l_id_lugar, l_nombre, l_tipo, lugar_id) VALUES (1393,'Bolivia','parroquia', 399);
INSERT INTO LUGAR (l_id_lugar, l_nombre, l_tipo, lugar_id) VALUES (1394,'Carrillo','parroquia', 399);
INSERT INTO LUGAR (l_id_lugar, l_nombre, l_tipo, lugar_id) VALUES (1395,'Cegarra','parroquia', 399);
INSERT INTO LUGAR (l_id_lugar, l_nombre, l_tipo, lugar_id) VALUES (1396,'Chejendé','parroquia', 399);
INSERT INTO LUGAR (l_id_lugar, l_nombre, l_tipo, lugar_id) VALUES (1397,'Manuel Salvador Ulloa','parroquia', 399);
INSERT INTO LUGAR (l_id_lugar, l_nombre, l_tipo, lugar_id) VALUES (1398,'San José','parroquia', 399);
INSERT INTO LUGAR (l_id_lugar, l_nombre, l_tipo, lugar_id) VALUES (1399,'Carache','parroquia', 400);
INSERT INTO LUGAR (l_id_lugar, l_nombre, l_tipo, lugar_id) VALUES (1400,'La Concepción','parroquia', 400);
INSERT INTO LUGAR (l_id_lugar, l_nombre, l_tipo, lugar_id) VALUES (1401,'Cuicas','parroquia', 400);
INSERT INTO LUGAR (l_id_lugar, l_nombre, l_tipo, lugar_id) VALUES (1402,'Panamericana','parroquia', 400);
INSERT INTO LUGAR (l_id_lugar, l_nombre, l_tipo, lugar_id) VALUES (1403,'Santa Cruz','parroquia', 400);
INSERT INTO LUGAR (l_id_lugar, l_nombre, l_tipo, lugar_id) VALUES (1404,'Escuque','parroquia', 401);
INSERT INTO LUGAR (l_id_lugar, l_nombre, l_tipo, lugar_id) VALUES (1405,'La Unión','parroquia', 401);
INSERT INTO LUGAR (l_id_lugar, l_nombre, l_tipo, lugar_id) VALUES (1406,'Santa Rita','parroquia', 401);
INSERT INTO LUGAR (l_id_lugar, l_nombre, l_tipo, lugar_id) VALUES (1407,'Sabana Libre','parroquia', 401);
INSERT INTO LUGAR (l_id_lugar, l_nombre, l_tipo, lugar_id) VALUES (1408,'El Socorro','parroquia', 402);
INSERT INTO LUGAR (l_id_lugar, l_nombre, l_tipo, lugar_id) VALUES (1409,'Los Caprichos','parroquia', 402);
INSERT INTO LUGAR (l_id_lugar, l_nombre, l_tipo, lugar_id) VALUES (1410,'Antonio José de Sucre','parroquia', 402);
INSERT INTO LUGAR (l_id_lugar, l_nombre, l_tipo, lugar_id) VALUES (1411,'Campo Elías','parroquia', 403);
INSERT INTO LUGAR (l_id_lugar, l_nombre, l_tipo, lugar_id) VALUES (1412,'Arnoldo Gabaldón','parroquia', 403);
INSERT INTO LUGAR (l_id_lugar, l_nombre, l_tipo, lugar_id) VALUES (1413,'Santa Apolonia','parroquia', 404);
INSERT INTO LUGAR (l_id_lugar, l_nombre, l_tipo, lugar_id) VALUES (1414,'El Progreso','parroquia', 404);
INSERT INTO LUGAR (l_id_lugar, l_nombre, l_tipo, lugar_id) VALUES (1415,'La Ceiba','parroquia', 404);
INSERT INTO LUGAR (l_id_lugar, l_nombre, l_tipo, lugar_id) VALUES (1416,'Tres de Febrero','parroquia', 404);
INSERT INTO LUGAR (l_id_lugar, l_nombre, l_tipo, lugar_id) VALUES (1417,'El Dividive','parroquia', 405);
INSERT INTO LUGAR (l_id_lugar, l_nombre, l_tipo, lugar_id) VALUES (1418,'Agua Santa','parroquia', 405);
INSERT INTO LUGAR (l_id_lugar, l_nombre, l_tipo, lugar_id) VALUES (1419,'Agua Caliente','parroquia', 405);
INSERT INTO LUGAR (l_id_lugar, l_nombre, l_tipo, lugar_id) VALUES (1420,'El Cenizo','parroquia', 405);
INSERT INTO LUGAR (l_id_lugar, l_nombre, l_tipo, lugar_id) VALUES (1421,'Valerita','parroquia', 405);
INSERT INTO LUGAR (l_id_lugar, l_nombre, l_tipo, lugar_id) VALUES (1422,'Monte Carmelo','parroquia', 406);
INSERT INTO LUGAR (l_id_lugar, l_nombre, l_tipo, lugar_id) VALUES (1423,'Buena Vista','parroquia', 406);
INSERT INTO LUGAR (l_id_lugar, l_nombre, l_tipo, lugar_id) VALUES (1424,'Santa María del Horcón','parroquia', 406);
INSERT INTO LUGAR (l_id_lugar, l_nombre, l_tipo, lugar_id) VALUES (1425,'Motatán','parroquia', 407);
INSERT INTO LUGAR (l_id_lugar, l_nombre, l_tipo, lugar_id) VALUES (1426,'El Baño','parroquia', 407);
INSERT INTO LUGAR (l_id_lugar, l_nombre, l_tipo, lugar_id) VALUES (1427,'Jalisco','parroquia', 407);
INSERT INTO LUGAR (l_id_lugar, l_nombre, l_tipo, lugar_id) VALUES (1428,'Pampán','parroquia', 408);
INSERT INTO LUGAR (l_id_lugar, l_nombre, l_tipo, lugar_id) VALUES (1429,'Flor de Patria','parroquia', 408);
INSERT INTO LUGAR (l_id_lugar, l_nombre, l_tipo, lugar_id) VALUES (1430,'La Paz','parroquia', 408);
INSERT INTO LUGAR (l_id_lugar, l_nombre, l_tipo, lugar_id) VALUES (1431,'Santa Ana','parroquia', 408);
INSERT INTO LUGAR (l_id_lugar, l_nombre, l_tipo, lugar_id) VALUES (1432,'Pampanito','parroquia', 409);
INSERT INTO LUGAR (l_id_lugar, l_nombre, l_tipo, lugar_id) VALUES (1433,'La Concepción','parroquia', 409);
INSERT INTO LUGAR (l_id_lugar, l_nombre, l_tipo, lugar_id) VALUES (1434,'Pampanito II','parroquia', 409);
INSERT INTO LUGAR (l_id_lugar, l_nombre, l_tipo, lugar_id) VALUES (1435,'Betijoque','parroquia', 410);
INSERT INTO LUGAR (l_id_lugar, l_nombre, l_tipo, lugar_id) VALUES (1436,'José Gregorio Hernández','parroquia', 410);
INSERT INTO LUGAR (l_id_lugar, l_nombre, l_tipo, lugar_id) VALUES (1437,'La Pueblita','parroquia', 410);
INSERT INTO LUGAR (l_id_lugar, l_nombre, l_tipo, lugar_id) VALUES (1438,'Los Cedros','parroquia', 410);
INSERT INTO LUGAR (l_id_lugar, l_nombre, l_tipo, lugar_id) VALUES (1439,'Carvajal','parroquia', 411);
INSERT INTO LUGAR (l_id_lugar, l_nombre, l_tipo, lugar_id) VALUES (1440,'Campo Alegre','parroquia', 411);
INSERT INTO LUGAR (l_id_lugar, l_nombre, l_tipo, lugar_id) VALUES (1441,'Antonio Nicolás Briceño','parroquia', 411);
INSERT INTO LUGAR (l_id_lugar, l_nombre, l_tipo, lugar_id) VALUES (1442,'José Leonardo Suárez','parroquia', 411);
INSERT INTO LUGAR (l_id_lugar, l_nombre, l_tipo, lugar_id) VALUES (1443,'Sabana de Mendoza','parroquia', 412);
INSERT INTO LUGAR (l_id_lugar, l_nombre, l_tipo, lugar_id) VALUES (1444,'Junín','parroquia', 412);
INSERT INTO LUGAR (l_id_lugar, l_nombre, l_tipo, lugar_id) VALUES (1445,'Valmore Rodríguez','parroquia', 412);
INSERT INTO LUGAR (l_id_lugar, l_nombre, l_tipo, lugar_id) VALUES (1446,'El Paraíso','parroquia', 412);
INSERT INTO LUGAR (l_id_lugar, l_nombre, l_tipo, lugar_id) VALUES (1447,'Andrés Linares','parroquia', 413);
INSERT INTO LUGAR (l_id_lugar, l_nombre, l_tipo, lugar_id) VALUES (1448,'Chiquinquirá','parroquia', 413);
INSERT INTO LUGAR (l_id_lugar, l_nombre, l_tipo, lugar_id) VALUES (1449,'Cristóbal Mendoza','parroquia', 413);
INSERT INTO LUGAR (l_id_lugar, l_nombre, l_tipo, lugar_id) VALUES (1450,'Cruz Carrillo','parroquia', 413);
INSERT INTO LUGAR (l_id_lugar, l_nombre, l_tipo, lugar_id) VALUES (1451,'Matriz','parroquia', 413);
INSERT INTO LUGAR (l_id_lugar, l_nombre, l_tipo, lugar_id) VALUES (1452,'Monseñor Carrillo','parroquia', 413);
INSERT INTO LUGAR (l_id_lugar, l_nombre, l_tipo, lugar_id) VALUES (1453,'Tres Esquinas','parroquia', 413);
INSERT INTO LUGAR (l_id_lugar, l_nombre, l_tipo, lugar_id) VALUES (1454,'Cabimbú','parroquia', 414);
INSERT INTO LUGAR (l_id_lugar, l_nombre, l_tipo, lugar_id) VALUES (1455,'Jajó','parroquia', 414);
INSERT INTO LUGAR (l_id_lugar, l_nombre, l_tipo, lugar_id) VALUES (1456,'La Mesa de Esnujaque','parroquia', 414);
INSERT INTO LUGAR (l_id_lugar, l_nombre, l_tipo, lugar_id) VALUES (1457,'Santiago','parroquia', 414);
INSERT INTO LUGAR (l_id_lugar, l_nombre, l_tipo, lugar_id) VALUES (1458,'Tuñame','parroquia', 414);
INSERT INTO LUGAR (l_id_lugar, l_nombre, l_tipo, lugar_id) VALUES (1459,'La Quebrada','parroquia', 414);
INSERT INTO LUGAR (l_id_lugar, l_nombre, l_tipo, lugar_id) VALUES (1460,'Juan Ignacio Montilla','parroquia', 415);
INSERT INTO LUGAR (l_id_lugar, l_nombre, l_tipo, lugar_id) VALUES (1461,'La Beatriz','parroquia', 415);
INSERT INTO LUGAR (l_id_lugar, l_nombre, l_tipo, lugar_id) VALUES (1462,'La Puerta','parroquia', 415);
INSERT INTO LUGAR (l_id_lugar, l_nombre, l_tipo, lugar_id) VALUES (1463,'Mendoza del Valle de Momboy','parroquia', 415);
INSERT INTO LUGAR (l_id_lugar, l_nombre, l_tipo, lugar_id) VALUES (1464,'Mercedes Díaz','parroquia', 415);
INSERT INTO LUGAR (l_id_lugar, l_nombre, l_tipo, lugar_id) VALUES (1465,'San Luis','parroquia', 415);
INSERT INTO LUGAR (l_id_lugar, l_nombre, l_tipo, lugar_id) VALUES (1466,'Caraballeda','parroquia', 416);
INSERT INTO LUGAR (l_id_lugar, l_nombre, l_tipo, lugar_id) VALUES (1467,'Carayaca','parroquia', 416);
INSERT INTO LUGAR (l_id_lugar, l_nombre, l_tipo, lugar_id) VALUES (1468,'Carlos Soublette','parroquia', 416);
INSERT INTO LUGAR (l_id_lugar, l_nombre, l_tipo, lugar_id) VALUES (1469,'Caruao Chuspa','parroquia', 416);
INSERT INTO LUGAR (l_id_lugar, l_nombre, l_tipo, lugar_id) VALUES (1470,'Catia La Mar','parroquia', 416);
INSERT INTO LUGAR (l_id_lugar, l_nombre, l_tipo, lugar_id) VALUES (1471,'El Junko','parroquia', 416);
INSERT INTO LUGAR (l_id_lugar, l_nombre, l_tipo, lugar_id) VALUES (1472,'La Guaira','parroquia', 416);
INSERT INTO LUGAR (l_id_lugar, l_nombre, l_tipo, lugar_id) VALUES (1473,'Macuto','parroquia', 416);
INSERT INTO LUGAR (l_id_lugar, l_nombre, l_tipo, lugar_id) VALUES (1474,'Maiquetía','parroquia', 416);
INSERT INTO LUGAR (l_id_lugar, l_nombre, l_tipo, lugar_id) VALUES (1475,'Naiguatá','parroquia', 416);
INSERT INTO LUGAR (l_id_lugar, l_nombre, l_tipo, lugar_id) VALUES (1476,'Urimare','parroquia', 416);
INSERT INTO LUGAR (l_id_lugar, l_nombre, l_tipo, lugar_id) VALUES (1477,'Arístides Bastidas','parroquia', 417);
INSERT INTO LUGAR (l_id_lugar, l_nombre, l_tipo, lugar_id) VALUES (1478,'Bolívar','parroquia', 418);
INSERT INTO LUGAR (l_id_lugar, l_nombre, l_tipo, lugar_id) VALUES (1479,'Chivacoa','parroquia', 433);
INSERT INTO LUGAR (l_id_lugar, l_nombre, l_tipo, lugar_id) VALUES (1480,'Campo Elías','parroquia', 433);
INSERT INTO LUGAR (l_id_lugar, l_nombre, l_tipo, lugar_id) VALUES (1481,'Cocorote','parroquia', 434);
INSERT INTO LUGAR (l_id_lugar, l_nombre, l_tipo, lugar_id) VALUES (1482,'Independencia','parroquia', 435);
INSERT INTO LUGAR (l_id_lugar, l_nombre, l_tipo, lugar_id) VALUES (1483,'José Antonio Páez','parroquia', 436);
INSERT INTO LUGAR (l_id_lugar, l_nombre, l_tipo, lugar_id) VALUES (1484,'La Trinidad','parroquia', 437);
INSERT INTO LUGAR (l_id_lugar, l_nombre, l_tipo, lugar_id) VALUES (1485,'Manuel Monge','parroquia', 438);
INSERT INTO LUGAR (l_id_lugar, l_nombre, l_tipo, lugar_id) VALUES (1486,'Salóm','parroquia', 439);
INSERT INTO LUGAR (l_id_lugar, l_nombre, l_tipo, lugar_id) VALUES (1487,'Temerla','parroquia', 439);
INSERT INTO LUGAR (l_id_lugar, l_nombre, l_tipo, lugar_id) VALUES (1488,'Nirgua','parroquia', 439);
INSERT INTO LUGAR (l_id_lugar, l_nombre, l_tipo, lugar_id) VALUES (1489,'San Andrés','parroquia', 440);
INSERT INTO LUGAR (l_id_lugar, l_nombre, l_tipo, lugar_id) VALUES (1490,'Yaritagua','parroquia', 440);
INSERT INTO LUGAR (l_id_lugar, l_nombre, l_tipo, lugar_id) VALUES (1491,'San Javier','parroquia', 441);
INSERT INTO LUGAR (l_id_lugar, l_nombre, l_tipo, lugar_id) VALUES (1492,'Albarico','parroquia', 441);
INSERT INTO LUGAR (l_id_lugar, l_nombre, l_tipo, lugar_id) VALUES (1493,'San Felipe','parroquia', 441);
INSERT INTO LUGAR (l_id_lugar, l_nombre, l_tipo, lugar_id) VALUES (1494,'Sucre','parroquia', 442);
INSERT INTO LUGAR (l_id_lugar, l_nombre, l_tipo, lugar_id) VALUES (1495,'Urachiche','parroquia', 443);
INSERT INTO LUGAR (l_id_lugar, l_nombre, l_tipo, lugar_id) VALUES (1496,'El Guayabo','parroquia', 444);
INSERT INTO LUGAR (l_id_lugar, l_nombre, l_tipo, lugar_id) VALUES (1497,'Farriar','parroquia', 444);
INSERT INTO LUGAR (l_id_lugar, l_nombre, l_tipo, lugar_id) VALUES (1498,'Isla de Toas','parroquia', 467);
INSERT INTO LUGAR (l_id_lugar, l_nombre, l_tipo, lugar_id) VALUES (1499,'Monagas','parroquia', 467);
INSERT INTO LUGAR (l_id_lugar, l_nombre, l_tipo, lugar_id) VALUES (1500,'San Timoteo','parroquia', 468);
INSERT INTO LUGAR (l_id_lugar, l_nombre, l_tipo, lugar_id) VALUES (1501,'General Urdaneta','parroquia', 468);
INSERT INTO LUGAR (l_id_lugar, l_nombre, l_tipo, lugar_id) VALUES (1502,'Libertador','parroquia', 468);
INSERT INTO LUGAR (l_id_lugar, l_nombre, l_tipo, lugar_id) VALUES (1503,'Marcelino Briceño','parroquia', 468);
INSERT INTO LUGAR (l_id_lugar, l_nombre, l_tipo, lugar_id) VALUES (1504,'Pueblo Nuevo','parroquia', 468);
INSERT INTO LUGAR (l_id_lugar, l_nombre, l_tipo, lugar_id) VALUES (1505,'Manuel Guanipa Matos','parroquia', 468);
INSERT INTO LUGAR (l_id_lugar, l_nombre, l_tipo, lugar_id) VALUES (1506,'Ambrosio','parroquia', 469);
INSERT INTO LUGAR (l_id_lugar, l_nombre, l_tipo, lugar_id) VALUES (1507,'Carmen Herrera','parroquia', 469);
INSERT INTO LUGAR (l_id_lugar, l_nombre, l_tipo, lugar_id) VALUES (1508,'La Rosa','parroquia', 469);
INSERT INTO LUGAR (l_id_lugar, l_nombre, l_tipo, lugar_id) VALUES (1509,'Germán Ríos Linares','parroquia', 469);
INSERT INTO LUGAR (l_id_lugar, l_nombre, l_tipo, lugar_id) VALUES (1510,'San Benito','parroquia', 469);
INSERT INTO LUGAR (l_id_lugar, l_nombre, l_tipo, lugar_id) VALUES (1511,'Rómulo Betancourt','parroquia', 469);
INSERT INTO LUGAR (l_id_lugar, l_nombre, l_tipo, lugar_id) VALUES (1512,'Jorge Hernández','parroquia', 469);
INSERT INTO LUGAR (l_id_lugar, l_nombre, l_tipo, lugar_id) VALUES (1513,'Punta Gorda','parroquia', 469);
INSERT INTO LUGAR (l_id_lugar, l_nombre, l_tipo, lugar_id) VALUES (1514,'Arístides Calvani','parroquia', 469);
INSERT INTO LUGAR (l_id_lugar, l_nombre, l_tipo, lugar_id) VALUES (1515,'Encontrados','parroquia', 470);
INSERT INTO LUGAR (l_id_lugar, l_nombre, l_tipo, lugar_id) VALUES (1516,'Udón Pérez','parroquia', 470);
INSERT INTO LUGAR (l_id_lugar, l_nombre, l_tipo, lugar_id) VALUES (1517,'Moralito','parroquia', 471);
INSERT INTO LUGAR (l_id_lugar, l_nombre, l_tipo, lugar_id) VALUES (1518,'San Carlos del Zulia','parroquia', 471);
INSERT INTO LUGAR (l_id_lugar, l_nombre, l_tipo, lugar_id) VALUES (1519,'Santa Cruz del Zulia','parroquia', 471);
INSERT INTO LUGAR (l_id_lugar, l_nombre, l_tipo, lugar_id) VALUES (1520,'Santa Bárbara','parroquia', 471);
INSERT INTO LUGAR (l_id_lugar, l_nombre, l_tipo, lugar_id) VALUES (1521,'Urribarrí','parroquia', 471);
INSERT INTO LUGAR (l_id_lugar, l_nombre, l_tipo, lugar_id) VALUES (1522,'Carlos Quevedo','parroquia', 472);
INSERT INTO LUGAR (l_id_lugar, l_nombre, l_tipo, lugar_id) VALUES (1523,'Francisco Javier Pulgar','parroquia', 472);
INSERT INTO LUGAR (l_id_lugar, l_nombre, l_tipo, lugar_id) VALUES (1524,'Simón Rodríguez','parroquia', 472);
INSERT INTO LUGAR (l_id_lugar, l_nombre, l_tipo, lugar_id) VALUES (1525,'Guamo-Gavilanes','parroquia', 472);
INSERT INTO LUGAR (l_id_lugar, l_nombre, l_tipo, lugar_id) VALUES (1526,'La Concepción','parroquia', 474);
INSERT INTO LUGAR (l_id_lugar, l_nombre, l_tipo, lugar_id) VALUES (1527,'San José','parroquia', 474);
INSERT INTO LUGAR (l_id_lugar, l_nombre, l_tipo, lugar_id) VALUES (1528,'Mariano Parra León','parroquia', 474);
INSERT INTO LUGAR (l_id_lugar, l_nombre, l_tipo, lugar_id) VALUES (1529,'José Ramón Yépez','parroquia', 474);
INSERT INTO LUGAR (l_id_lugar, l_nombre, l_tipo, lugar_id) VALUES (1530,'Jesús María Semprún','parroquia', 475);
INSERT INTO LUGAR (l_id_lugar, l_nombre, l_tipo, lugar_id) VALUES (1531,'Barí','parroquia', 475);
INSERT INTO LUGAR (l_id_lugar, l_nombre, l_tipo, lugar_id) VALUES (1532,'Concepción','parroquia', 476);
INSERT INTO LUGAR (l_id_lugar, l_nombre, l_tipo, lugar_id) VALUES (1533,'Andrés Bello','parroquia', 476);
INSERT INTO LUGAR (l_id_lugar, l_nombre, l_tipo, lugar_id) VALUES (1534,'Chiquinquirá','parroquia', 476);
INSERT INTO LUGAR (l_id_lugar, l_nombre, l_tipo, lugar_id) VALUES (1535,'El Carmelo','parroquia', 476);
INSERT INTO LUGAR (l_id_lugar, l_nombre, l_tipo, lugar_id) VALUES (1536,'Potreritos','parroquia', 476);
INSERT INTO LUGAR (l_id_lugar, l_nombre, l_tipo, lugar_id) VALUES (1537,'Libertad','parroquia', 477);
INSERT INTO LUGAR (l_id_lugar, l_nombre, l_tipo, lugar_id) VALUES (1538,'Alonso de Ojeda','parroquia', 477);
INSERT INTO LUGAR (l_id_lugar, l_nombre, l_tipo, lugar_id) VALUES (1539,'Venezuela','parroquia', 477);
INSERT INTO LUGAR (l_id_lugar, l_nombre, l_tipo, lugar_id) VALUES (1540,'Eleazar López Contreras','parroquia', 477);
INSERT INTO LUGAR (l_id_lugar, l_nombre, l_tipo, lugar_id) VALUES (1541,'Campo Lara','parroquia', 477);
INSERT INTO LUGAR (l_id_lugar, l_nombre, l_tipo, lugar_id) VALUES (1542,'Bartolomé de las Casas','parroquia', 478);
INSERT INTO LUGAR (l_id_lugar, l_nombre, l_tipo, lugar_id) VALUES (1543,'Libertad','parroquia', 478);
INSERT INTO LUGAR (l_id_lugar, l_nombre, l_tipo, lugar_id) VALUES (1544,'Río Negro','parroquia', 478);
INSERT INTO LUGAR (l_id_lugar, l_nombre, l_tipo, lugar_id) VALUES (1545,'San José de Perijá','parroquia', 478);
INSERT INTO LUGAR (l_id_lugar, l_nombre, l_tipo, lugar_id) VALUES (1546,'San Rafael','parroquia', 479);
INSERT INTO LUGAR (l_id_lugar, l_nombre, l_tipo, lugar_id) VALUES (1547,'La Sierrita','parroquia', 479);
INSERT INTO LUGAR (l_id_lugar, l_nombre, l_tipo, lugar_id) VALUES (1548,'Las Parcelas','parroquia', 479);
INSERT INTO LUGAR (l_id_lugar, l_nombre, l_tipo, lugar_id) VALUES (1549,'Luis de Vicente','parroquia', 479);
INSERT INTO LUGAR (l_id_lugar, l_nombre, l_tipo, lugar_id) VALUES (1550,'Monseñor Marcos Sergio Godoy','parroquia', 479);
INSERT INTO LUGAR (l_id_lugar, l_nombre, l_tipo, lugar_id) VALUES (1551,'Ricaurte','parroquia', 479);
INSERT INTO LUGAR (l_id_lugar, l_nombre, l_tipo, lugar_id) VALUES (1552,'Tamare','parroquia', 479);
INSERT INTO LUGAR (l_id_lugar, l_nombre, l_tipo, lugar_id) VALUES (1553,'Antonio Borjas Romero','parroquia', 480);
INSERT INTO LUGAR (l_id_lugar, l_nombre, l_tipo, lugar_id) VALUES (1554,'Bolívar','parroquia', 480);
INSERT INTO LUGAR (l_id_lugar, l_nombre, l_tipo, lugar_id) VALUES (1555,'Cacique Mara','parroquia', 480);
INSERT INTO LUGAR (l_id_lugar, l_nombre, l_tipo, lugar_id) VALUES (1556,'Carracciolo Parra Pérez','parroquia', 480);
INSERT INTO LUGAR (l_id_lugar, l_nombre, l_tipo, lugar_id) VALUES (1557,'Cecilio Acosta','parroquia', 480);
INSERT INTO LUGAR (l_id_lugar, l_nombre, l_tipo, lugar_id) VALUES (1558,'Cristo de Aranza','parroquia', 480);
INSERT INTO LUGAR (l_id_lugar, l_nombre, l_tipo, lugar_id) VALUES (1559,'Coquivacoa','parroquia', 480);
INSERT INTO LUGAR (l_id_lugar, l_nombre, l_tipo, lugar_id) VALUES (1560,'Chiquinquirá','parroquia', 480);
INSERT INTO LUGAR (l_id_lugar, l_nombre, l_tipo, lugar_id) VALUES (1561,'Francisco Eugenio Bustamante','parroquia', 480);
INSERT INTO LUGAR (l_id_lugar, l_nombre, l_tipo, lugar_id) VALUES (1562,'Idelfonzo Vásquez','parroquia', 480);
INSERT INTO LUGAR (l_id_lugar, l_nombre, l_tipo, lugar_id) VALUES (1563,'Juana de Ávila','parroquia', 480);
INSERT INTO LUGAR (l_id_lugar, l_nombre, l_tipo, lugar_id) VALUES (1564,'Luis Hurtado Higuera','parroquia', 480);
INSERT INTO LUGAR (l_id_lugar, l_nombre, l_tipo, lugar_id) VALUES (1565,'Manuel Dagnino','parroquia', 480);
INSERT INTO LUGAR (l_id_lugar, l_nombre, l_tipo, lugar_id) VALUES (1566,'Olegario Villalobos','parroquia', 480);
INSERT INTO LUGAR (l_id_lugar, l_nombre, l_tipo, lugar_id) VALUES (1567,'Raúl Leoni','parroquia', 480);
INSERT INTO LUGAR (l_id_lugar, l_nombre, l_tipo, lugar_id) VALUES (1568,'Santa Lucía','parroquia', 480);
INSERT INTO LUGAR (l_id_lugar, l_nombre, l_tipo, lugar_id) VALUES (1569,'Venancio Pulgar','parroquia', 480);
INSERT INTO LUGAR (l_id_lugar, l_nombre, l_tipo, lugar_id) VALUES (1570,'San Isidro','parroquia', 480);
INSERT INTO LUGAR (l_id_lugar, l_nombre, l_tipo, lugar_id) VALUES (1571,'Altagracia','parroquia', 481);
INSERT INTO LUGAR (l_id_lugar, l_nombre, l_tipo, lugar_id) VALUES (1572,'Faría','parroquia', 481);
INSERT INTO LUGAR (l_id_lugar, l_nombre, l_tipo, lugar_id) VALUES (1573,'Ana María Campos','parroquia', 481);
INSERT INTO LUGAR (l_id_lugar, l_nombre, l_tipo, lugar_id) VALUES (1574,'San Antonio','parroquia', 481);
INSERT INTO LUGAR (l_id_lugar, l_nombre, l_tipo, lugar_id) VALUES (1575,'San José','parroquia', 481);
INSERT INTO LUGAR (l_id_lugar, l_nombre, l_tipo, lugar_id) VALUES (1576,'Donaldo García','parroquia', 482);
INSERT INTO LUGAR (l_id_lugar, l_nombre, l_tipo, lugar_id) VALUES (1577,'El Rosario','parroquia', 482);
INSERT INTO LUGAR (l_id_lugar, l_nombre, l_tipo, lugar_id) VALUES (1578,'Sixto Zambrano','parroquia', 482);
INSERT INTO LUGAR (l_id_lugar, l_nombre, l_tipo, lugar_id) VALUES (1579,'San Francisco','parroquia', 483);
INSERT INTO LUGAR (l_id_lugar, l_nombre, l_tipo, lugar_id) VALUES (1580,'El Bajo','parroquia', 483);
INSERT INTO LUGAR (l_id_lugar, l_nombre, l_tipo, lugar_id) VALUES (1581,'Domitila Flores','parroquia', 483);
INSERT INTO LUGAR (l_id_lugar, l_nombre, l_tipo, lugar_id) VALUES (1582,'Francisco Ochoa','parroquia', 483);
INSERT INTO LUGAR (l_id_lugar, l_nombre, l_tipo, lugar_id) VALUES (1583,'Los Cortijos','parroquia', 483);
INSERT INTO LUGAR (l_id_lugar, l_nombre, l_tipo, lugar_id) VALUES (1584,'Marcial Hernández','parroquia', 483);
INSERT INTO LUGAR (l_id_lugar, l_nombre, l_tipo, lugar_id) VALUES (1585,'Santa Rita','parroquia', 484);
INSERT INTO LUGAR (l_id_lugar, l_nombre, l_tipo, lugar_id) VALUES (1586,'El Mene','parroquia', 484);
INSERT INTO LUGAR (l_id_lugar, l_nombre, l_tipo, lugar_id) VALUES (1587,'Pedro Lucas Urribarrí','parroquia', 484);
INSERT INTO LUGAR (l_id_lugar, l_nombre, l_tipo, lugar_id) VALUES (1588,'José Cenobio Urribarrí','parroquia', 484);
INSERT INTO LUGAR (l_id_lugar, l_nombre, l_tipo, lugar_id) VALUES (1589,'Rafael Maria Baralt','parroquia', 485);
INSERT INTO LUGAR (l_id_lugar, l_nombre, l_tipo, lugar_id) VALUES (1590,'Manuel Manrique','parroquia', 485);
INSERT INTO LUGAR (l_id_lugar, l_nombre, l_tipo, lugar_id) VALUES (1591,'Rafael Urdaneta','parroquia', 485);
INSERT INTO LUGAR (l_id_lugar, l_nombre, l_tipo, lugar_id) VALUES (1592,'Bobures','parroquia', 486);
INSERT INTO LUGAR (l_id_lugar, l_nombre, l_tipo, lugar_id) VALUES (1593,'Gibraltar','parroquia', 486);
INSERT INTO LUGAR (l_id_lugar, l_nombre, l_tipo, lugar_id) VALUES (1594,'Heras','parroquia', 486);
INSERT INTO LUGAR (l_id_lugar, l_nombre, l_tipo, lugar_id) VALUES (1595,'Monseñor Arturo Álvarez','parroquia', 486);
INSERT INTO LUGAR (l_id_lugar, l_nombre, l_tipo, lugar_id) VALUES (1596,'Rómulo Gallegos','parroquia', 486);
INSERT INTO LUGAR (l_id_lugar, l_nombre, l_tipo, lugar_id) VALUES (1597,'El Batey','parroquia', 486);
INSERT INTO LUGAR (l_id_lugar, l_nombre, l_tipo, lugar_id) VALUES (1598,'Rafael Urdaneta','parroquia', 487);
INSERT INTO LUGAR (l_id_lugar, l_nombre, l_tipo, lugar_id) VALUES (1599,'La Victoria','parroquia', 487);
INSERT INTO LUGAR (l_id_lugar, l_nombre, l_tipo, lugar_id) VALUES (1600,'Raúl Cuenca','parroquia', 487);
INSERT INTO LUGAR (l_id_lugar, l_nombre, l_tipo, lugar_id) VALUES (1601,'Sinamaica','parroquia', 473);
INSERT INTO LUGAR (l_id_lugar, l_nombre, l_tipo, lugar_id) VALUES (1602,'Alta Guajira','parroquia', 473);
INSERT INTO LUGAR (l_id_lugar, l_nombre, l_tipo, lugar_id) VALUES (1603,'Elías Sánchez Rubio','parroquia', 473);
INSERT INTO LUGAR (l_id_lugar, l_nombre, l_tipo, lugar_id) VALUES (1604,'Guajira','parroquia', 473);
INSERT INTO LUGAR (l_id_lugar, l_nombre, l_tipo, lugar_id) VALUES (1605,'Altagracia','parroquia', 488);
INSERT INTO LUGAR (l_id_lugar, l_nombre, l_tipo, lugar_id) VALUES (1606,'Antímano','parroquia', 488);
INSERT INTO LUGAR (l_id_lugar, l_nombre, l_tipo, lugar_id) VALUES (1607,'Caricuao','parroquia', 488);
INSERT INTO LUGAR (l_id_lugar, l_nombre, l_tipo, lugar_id) VALUES (1608,'Catedral','parroquia', 488);
INSERT INTO LUGAR (l_id_lugar, l_nombre, l_tipo, lugar_id) VALUES (1609,'Coche','parroquia', 488);
INSERT INTO LUGAR (l_id_lugar, l_nombre, l_tipo, lugar_id) VALUES (1610,'El Junquito','parroquia', 488);
INSERT INTO LUGAR (l_id_lugar, l_nombre, l_tipo, lugar_id) VALUES (1611,'El Paraíso','parroquia', 488);
INSERT INTO LUGAR (l_id_lugar, l_nombre, l_tipo, lugar_id) VALUES (1612,'El Recreo','parroquia', 488);
INSERT INTO LUGAR (l_id_lugar, l_nombre, l_tipo, lugar_id) VALUES (1613,'El Valle','parroquia', 488);
INSERT INTO LUGAR (l_id_lugar, l_nombre, l_tipo, lugar_id) VALUES (1614,'La Candelaria','parroquia', 488);
INSERT INTO LUGAR (l_id_lugar, l_nombre, l_tipo, lugar_id) VALUES (1615,'La Pastora','parroquia', 488);
INSERT INTO LUGAR (l_id_lugar, l_nombre, l_tipo, lugar_id) VALUES (1616,'La Vega','parroquia', 488);
INSERT INTO LUGAR (l_id_lugar, l_nombre, l_tipo, lugar_id) VALUES (1617,'Macarao','parroquia', 488);
INSERT INTO LUGAR (l_id_lugar, l_nombre, l_tipo, lugar_id) VALUES (1618,'San Agustín','parroquia', 488);
INSERT INTO LUGAR (l_id_lugar, l_nombre, l_tipo, lugar_id) VALUES (1619,'San Bernardino','parroquia', 488);
INSERT INTO LUGAR (l_id_lugar, l_nombre, l_tipo, lugar_id) VALUES (1620,'San José','parroquia', 488);
INSERT INTO LUGAR (l_id_lugar, l_nombre, l_tipo, lugar_id) VALUES (1621,'San Juan','parroquia', 488);
INSERT INTO LUGAR (l_id_lugar, l_nombre, l_tipo, lugar_id) VALUES (1622,'San Pedro','parroquia', 488);
INSERT INTO LUGAR (l_id_lugar, l_nombre, l_tipo, lugar_id) VALUES (1623,'Santa Rosalía','parroquia', 488);
INSERT INTO LUGAR (l_id_lugar, l_nombre, l_tipo, lugar_id) VALUES (1624,'Santa Teresa','parroquia', 488);
INSERT INTO LUGAR (l_id_lugar, l_nombre, l_tipo, lugar_id) VALUES (1625,'Sucre (Catia)','parroquia', 488);
INSERT INTO LUGAR (l_id_lugar, l_nombre, l_tipo, lugar_id) VALUES (1626,'23 de enero','parroquia', 488);

/* INSERTS DE TABLA  UNIDAD */
INSERT INTO UNIDAD (u_id_unidad, u_nombre, u_tipo, u_abreviatura) VALUES (1,'hora','temporal','hr');
INSERT INTO UNIDAD (u_id_unidad, u_nombre, u_tipo, u_abreviatura) VALUES (2, 'dia', 'temporal','min');
INSERT INTO UNIDAD (u_id_unidad, u_nombre, u_tipo, u_abreviatura) VALUES (3, 'semana', 'temporal','sem');
INSERT INTO UNIDAD (u_id_unidad, u_nombre, u_tipo, u_abreviatura) VALUES (4, 'mes', 'temporal', 'mes');
INSERT INTO UNIDAD (u_id_unidad, u_nombre, u_tipo, u_abreviatura) VALUES (5, 'anio', 'temporal', 'anio');
INSERT INTO UNIDAD (u_id_unidad, u_nombre, u_tipo, u_abreviatura) VALUES (6, 'kilogramo', 'masa', 'kg');
INSERT INTO UNIDAD (u_id_unidad, u_nombre, u_tipo, u_abreviatura) VALUES (7, 'tonelada', 'masa', 'ton');
INSERT INTO UNIDAD (u_id_unidad, u_nombre, u_tipo, u_abreviatura) VALUES (8, 'kilometro cuadrado', 'area', 'km2');
INSERT INTO UNIDAD (u_id_unidad, u_nombre, u_tipo, u_abreviatura) VALUES (9, 'metro cuadrado', 'area', 'm2');
INSERT INTO UNIDAD (u_id_unidad, u_nombre, u_tipo, u_abreviatura) VALUES (10, 'hectaria', 'area', 'ha');
INSERT INTO UNIDAD (u_id_unidad, u_nombre, u_tipo, u_abreviatura) VALUES (11, 'bolivar Soberano', 'monetaria', 'Bss');
INSERT INTO UNIDAD (u_id_unidad, u_nombre, u_tipo, u_abreviatura) VALUES (12, 'dolar', 'monetaria', '$');
INSERT INTO UNIDAD (u_id_unidad, u_nombre, u_tipo, u_abreviatura) VALUES (13, 'euro', 'monetaria', '€');

/* INSERTS DE TABLA ESTADO  */
INSERT INTO ESTADO (e_id_estado, e_nombre) VALUES (1, 'operativa');
INSERT INTO ESTADO (e_id_estado, e_nombre) VALUES (2, 'finalizada');
INSERT INTO ESTADO (e_id_estado, e_nombre) VALUES (3, 'pendiente');
INSERT INTO ESTADO (e_id_estado, e_nombre) VALUES (4, 'atrasada');
INSERT INTO ESTADO (e_id_estado, e_nombre) VALUES (5, 'no pagado');
INSERT INTO ESTADO (e_id_estado, e_nombre) VALUES (6, 'pagado');
INSERT INTO ESTADO (e_id_estado, e_nombre) VALUES (7, 'entregado');
INSERT INTO ESTADO (e_id_estado, e_nombre) VALUES (8, 'activo');
INSERT INTO ESTADO (e_id_estado, e_nombre) VALUES (9, 'suspendido');
INSERT INTO ESTADO (e_id_estado, e_nombre) VALUES (10, 'finalizado');
INSERT INTO ESTADO (e_id_estado, e_nombre) VALUES (11, 'disponible');
INSERT INTO ESTADO (e_id_estado, e_nombre) VALUES (12, 'ocupado');
INSERT INTO ESTADO (e_id_estado, e_nombre) VALUES (13, 'retirado');


/* INSERTS DE TABLA  SECTOR_USO*/
INSERT INTO SECTOR_USO (s_id_sector_uso, s_nombre, s_descripcion) VALUES (1, ' construcción', 'Creacion de edificios e inmuebles');
INSERT INTO SECTOR_USO (s_id_sector_uso, s_nombre, s_descripcion) VALUES (2, 'metalmecánica', 'desarrollo de piezas metalicas');
INSERT INTO SECTOR_USO (s_id_sector_uso, s_nombre, s_descripcion) VALUES (3, ' orfebrería', 'joyeria exotica');
INSERT INTO SECTOR_USO (s_id_sector_uso, s_nombre, s_descripcion) VALUES (4, 'cocina', 'comida internacional');
INSERT INTO SECTOR_USO (s_id_sector_uso, s_nombre, s_descripcion) VALUES (5, 'cosmetico', 'productos de belleza');
INSERT INTO SECTOR_USO (s_id_sector_uso, s_nombre, s_descripcion) VALUES (6, 'electricidad', 'transporte de energia electrica');
INSERT INTO SECTOR_USO (s_id_sector_uso, s_nombre, s_descripcion) VALUES (7, 'agricultura', 'fertilizantes y fungicidas');
INSERT INTO SECTOR_USO (s_id_sector_uso, s_nombre, s_descripcion) VALUES (8, 'farmacia', 'fabricacion de medicamentos');

/* INSERTS DE TABLA  MINERAL*/
INSERT INTO MINERAL (m_id_mineral, m_nombre, m_radioactivo, m_fecha_nacionalizacion, m_decripcion, m_dureza, m_maleabilidad, m_viscosidad, m_tipo) 
VALUES (1, 'hierro', FALSE, '1975-01-04','El hierro o fierro​​ es un elemento químico de número atómico 26.',80,20,null,'metal');
INSERT INTO MINERAL (m_id_mineral, m_nombre, m_radioactivo, m_fecha_nacionalizacion, m_decripcion, m_dureza, m_maleabilidad, m_viscosidad, m_tipo) 
VALUES (2, 'bauxita', FALSE, null, 'La bauxita es una roca sedimentaria con un contenido de aluminio relativamente alto.', 40, 50, null, 'metal');
INSERT INTO MINERAL (m_id_mineral, m_nombre, m_radioactivo, m_fecha_nacionalizacion, m_decripcion, m_dureza, m_maleabilidad, m_viscosidad, m_tipo) 
VALUES (3, 'oro', FALSE, null, 'El oro es un elemento químico cuyo número atómico es 79.', 90, 70, null, 'metal');
INSERT INTO MINERAL (m_id_mineral, m_nombre, m_radioactivo, m_fecha_nacionalizacion, m_decripcion, m_dureza, m_maleabilidad, m_viscosidad, m_tipo) 
VALUES (4, 'carbón', FALSE, null, 'El carbón se origina por la descomposición de vegetales terrestres.', 30, 70, null, 'metal' );
INSERT INTO MINERAL (m_id_mineral, m_nombre, m_radioactivo, m_fecha_nacionalizacion, m_decripcion, m_dureza, m_maleabilidad, m_viscosidad, m_tipo) 
VALUES (5, 'diamante', FALSE, null, ' El diamante es la segunda forma más estable de carbono, después del grafito', 100, 10, null, 'metal');
INSERT INTO MINERAL (m_id_mineral, m_nombre, m_radioactivo, m_fecha_nacionalizacion, m_decripcion, m_dureza, m_maleabilidad, m_viscosidad, m_tipo) 
VALUES (6, 'manganeso', FALSE, null, 'El manganeso es un elemento químico de número atómico 25 situado en el grupo 7.',50,40,null, 'metal');
INSERT INTO MINERAL (m_id_mineral, m_nombre, m_radioactivo, m_fecha_nacionalizacion, m_decripcion, m_dureza, m_maleabilidad, m_viscosidad, m_tipo) 
VALUES (7, 'níquel', FALSE,null,'Es un metal de transición de color blanco con un ligerísimo tono amarillo',60,60,null,'metal');
INSERT INTO MINERAL (m_id_mineral, m_nombre, m_radioactivo, m_fecha_nacionalizacion, m_decripcion, m_dureza, m_maleabilidad, m_viscosidad, m_tipo) 
VALUES (8, 'cobre', False,null,'Es un metal de transición de color rojizo y brillo metálico',55,32,null,'metal');
INSERT INTO MINERAL (m_id_mineral, m_nombre, m_radioactivo, m_fecha_nacionalizacion, m_decripcion, m_dureza, m_maleabilidad, m_viscosidad, m_tipo) 
VALUES (9, 'arena', FALSE, null, 'La arena es un conjunto de fragmentos sueltos de rocas o minerales de pequeño tamaño.',null,null,15,'no metal');
INSERT INTO MINERAL (m_id_mineral, m_nombre, m_radioactivo, m_fecha_nacionalizacion, m_decripcion, m_dureza, m_maleabilidad, m_viscosidad, m_tipo) 
VALUES(10,'cal', FALSE, null, 'Se obtiene como resultado de la calcinación de las rocas calizas o dolomías.', null,null,20,'no metal');
INSERT INTO MINERAL (m_id_mineral, m_nombre, m_radioactivo, m_fecha_nacionalizacion, m_decripcion, m_dureza, m_maleabilidad, m_viscosidad, m_tipo) 
VALUES(11,'caliza', FALSE, null, 'La caliza es una roca sedimentaria ', null,null,16,'no metal')
INSERT INTO MINERAL (m_id_mineral, m_nombre, m_radioactivo, m_fecha_nacionalizacion, m_decripcion, m_dureza, m_maleabilidad, m_viscosidad, m_tipo) 
VALUES(12, 'granito', FALSE, null, 'El granito es una roca ígnea plutónica formada esencialmente por cuarzo', null,null,33,'no metal');
INSERT INTO MINERAL (m_id_mineral, m_nombre, m_radioactivo, m_fecha_nacionalizacion, m_decripcion, m_dureza, m_maleabilidad, m_viscosidad, m_tipo) 
VALUES(13,'yeso', FALSE, null, 'También conocido como yeso cocido o yeso de París', null,null,18,'no metal');
INSERT INTO MINERAL (m_id_mineral, m_nombre, m_radioactivo, m_fecha_nacionalizacion, m_decripcion, m_dureza, m_maleabilidad, m_viscosidad, m_tipo) 
VALUES(14,'arcilla', FALSE, null, 'Procedentes de la descomposición de rocas que contienen feldespato', null,null,7,'no metal');
INSERT INTO MINERAL (m_id_mineral, m_nombre, m_radioactivo, m_fecha_nacionalizacion, m_decripcion, m_dureza, m_maleabilidad, m_viscosidad, m_tipo) 
VALUES(15, 'azufre', FALSE, null, 'Es un no metal abundante con un color amarillo característico', null,null,12,'no metal');
INSERT INTO MINERAL (m_id_mineral, m_nombre, m_radioactivo, m_fecha_nacionalizacion, m_decripcion, m_dureza, m_maleabilidad, m_viscosidad, m_tipo) 
VALUES(16, 'baritina', FALSE, null, 'Es un mineral de la clase de los sulfatos y del tipo AXO4', null,null,25,'no metal');
INSERT INTO MINERAL (m_id_mineral, m_nombre, m_radioactivo, m_fecha_nacionalizacion, m_decripcion, m_dureza, m_maleabilidad, m_viscosidad, m_tipo) 
VALUES(17,'bentonita', FALSE, null, 'La bentonita es una arcilla de grano muy fino ', null,null,32,'no metal');
INSERT INTO MINERAL (m_id_mineral, m_nombre, m_radioactivo, m_fecha_nacionalizacion, m_decripcion, m_dureza, m_maleabilidad, m_viscosidad, m_tipo) 
VALUES(18, 'carbon antracita', FALSE, null, 'La antracita es el carbón mineral más metamórfico y el que presenta mayor contenido en carbono', null,null,43,'no metal');
INSERT INTO MINERAL (m_id_mineral, m_nombre, m_radioactivo, m_fecha_nacionalizacion, m_decripcion, m_dureza, m_maleabilidad, m_viscosidad, m_tipo) 
VALUES(19, 'mica', FALSE, null, 'Son minerales pertenecientes a un grupo numeroso de silicatos de alúmina, hierro, calcio', null,null,20,'no metal');
INSERT INTO MINERAL (m_id_mineral, m_nombre, m_radioactivo, m_fecha_nacionalizacion, m_decripcion, m_dureza, m_maleabilidad, m_viscosidad, m_tipo) 
VALUES(20, 'sal comun', FALSE, null, 'Es un compuesto químico con la fórmula NaCl', null,null,12,'no metal');
INSERT INTO MINERAL (m_id_mineral, m_nombre, m_radioactivo, m_fecha_nacionalizacion, m_decripcion, m_dureza, m_maleabilidad, m_viscosidad, m_tipo) 
VALUES(21, 'talco', FALSE, null, 'Mineral de color blanco a gris azul', null,null,19,'no metal');
INSERT INTO MINERAL (m_id_mineral, m_nombre, m_radioactivo, m_fecha_nacionalizacion, m_decripcion, m_dureza, m_maleabilidad, m_viscosidad, m_tipo) 
VALUES(22, 'silicio', FALSE, '1927-01-15', null, null,null,70,'no metal');
INSERT INTO MINERAL (m_id_mineral, m_nombre, m_radioactivo, m_fecha_nacionalizacion, m_decripcion, m_dureza, m_maleabilidad, m_viscosidad, m_tipo) 
VALUES(23,'feldespato',FALSE,'1990-02-05','Es ua piedra de color oscuro',null,null,40,'no metal');
INSERT INTO MINERAL (m_id_mineral, m_nombre, m_radioactivo, m_fecha_nacionalizacion, m_decripcion, m_dureza, m_maleabilidad, m_viscosidad, m_tipo) 
VALUES(25, 'uranio', TRUE, null, null, null, null, 80, 'no metal');
INSERT INTO MINERAL (m_id_mineral, m_nombre, m_radioactivo, m_fecha_nacionalizacion, m_decripcion, m_dureza, m_maleabilidad, m_viscosidad, m_tipo) 
VALUES(26, 'calcio', FALSE,null,null,null,null,25,'no metal');
INSERT INTO MINERAL (m_id_mineral, m_nombre, m_radioactivo, m_fecha_nacionalizacion, m_decripcion, m_dureza, m_maleabilidad, m_viscosidad, m_tipo) 
VALUES(27, 'aluminio', FALSE, '1892-11-11',null,24,15,null,'metal');

/* INSERTS DE TABLA  MINE_MINE*/
INSERT INTO MINE_MINE (m_id_mine_mine,mineral_id_compone,mineral_id_compuesto) VALUES (1,22,9);
INSERT INTO MINE_MINE (m_id_mine_mine,mineral_id_compone,mineral_id_compuesto) VALUES (2,19,12);
INSERT INTO MINE_MINE (m_id_mine_mine,mineral_id_compone,mineral_id_compuesto) VALUES (3,23,12);
INSERT INTO MINE_MINE (m_id_mine_mine,mineral_id_compone,mineral_id_compuesto) VALUES (4,4,5);
INSERT INTO MINE_MINE (m_id_mine_mine,mineral_id_compone,mineral_id_compuesto) VALUES (5,26,10);
INSERT INTO MINE_MINE (m_id_mine_mine,mineral_id_compone,mineral_id_compuesto) VALUES (6,27,2);
INSERT INTO MINE_MINE (m_id_mine_mine,mineral_id_compone,mineral_id_compuesto) VALUES (7,26,13);
INSERT INTO MINE_MINE (m_id_mine_mine,mineral_id_compone,mineral_id_compuesto) VALUES (8,22,14);

/* INSERTS DE TABLA  SECT_MINE*/
INSERT INTO SECT_MINE (s_id_sect_mine,mineral_id,sector_uso_id) VALUES (1,20,4);
INSERT INTO SECT_MINE (s_id_sect_mine,mineral_id,sector_uso_id) VALUES (2,1,1);
INSERT INTO SECT_MINE (s_id_sect_mine,mineral_id,sector_uso_id) VALUES (3,9,1);
INSERT INTO SECT_MINE (s_id_sect_mine,mineral_id,sector_uso_id) VALUES (4,3,3);
INSERT INTO SECT_MINE (s_id_sect_mine,mineral_id,sector_uso_id) VALUES (5,5,3);
INSERT INTO SECT_MINE (s_id_sect_mine,mineral_id,sector_uso_id) VALUES (6,8,6);
INSERT INTO SECT_MINE (s_id_sect_mine,mineral_id,sector_uso_id) VALUES (7,26,8);
INSERT INTO SECT_MINE (s_id_sect_mine,mineral_id,sector_uso_id) VALUES (8,15,7);
INSERT INTO SECT_MINE (s_id_sect_mine,mineral_id,sector_uso_id) VALUES (9,1,2);

/* INSERTS DE TABLA  TIPO_YACIMIENTO*/
INSERT INTO TIPO_YACIMIENTO (t_id_tipo_yacimiento,t_nombre) VALUES (1,'autoctono');
INSERT INTO TIPO_YACIMIENTO (t_id_tipo_yacimiento,t_nombre) VALUES (2,'aloctono');
INSERT INTO TIPO_YACIMIENTO (t_id_tipo_yacimiento,t_nombre) VALUES (3,'magmático');
INSERT INTO TIPO_YACIMIENTO (t_id_tipo_yacimiento,t_nombre) VALUES (4,'pegmatitas');
INSERT INTO TIPO_YACIMIENTO (t_id_tipo_yacimiento,t_nombre) VALUES (5,'vulcanogénico');
INSERT INTO TIPO_YACIMIENTO (t_id_tipo_yacimiento,t_nombre) VALUES (6,'regular');
INSERT INTO TIPO_YACIMIENTO (t_id_tipo_yacimiento,t_nombre) VALUES (7,'irregular');
INSERT INTO TIPO_YACIMIENTO (t_id_tipo_yacimiento,t_nombre) VALUES (8,'mesotermales');
INSERT INTO TIPO_YACIMIENTO (t_id_tipo_yacimiento,t_nombre) VALUES (9,'epitermales');
INSERT INTO TIPO_YACIMIENTO (t_id_tipo_yacimiento,t_nombre) VALUES (10,'teletermales');

/* INSERTS DE TABLA  CARACTERISTICA*/
INSERT INTO CARACTERISTICA (c_id_caracteristica,c_nombre,c_descripcion) VALUES (1,'origen terrestre o acuatico','producto de acumulacion de restos vegetales');
INSERT INTO CARACTERISTICA (c_id_caracteristica,c_nombre,c_descripcion) VALUES (2,'origen erosivo','producto a causa de eventos terrestres');
INSERT INTO CARACTERISTICA (c_id_caracteristica,c_nombre,c_descripcion) VALUES (3,'hiperbarico','presion y temperatura elevada');
INSERT INTO CARACTERISTICA (c_id_caracteristica,c_nombre,c_descripcion) VALUES (4,'hipobarico','presion y temperatrra moderada');
INSERT INTO CARACTERISTICA (c_id_caracteristica,c_nombre,c_descripcion) VALUES (5,'sedimentario','con alta densidad de rocas sedimentarias');
INSERT INTO CARACTERISTICA (c_id_caracteristica,c_nombre,c_descripcion) VALUES (6,'seco','de baja humedad');
INSERT INTO CARACTERISTICA (c_id_caracteristica,c_nombre,c_descripcion) VALUES (7,'humedo','de alta humedad');

/* INSERTS DE TABLA  CARA_TIPO*/
INSERT INTO CARA_TIPO (c_id_cara_tipo,caracteritica_id,tipo_yacimiento_id) VALUES (1,1,1);
INSERT INTO CARA_TIPO (c_id_cara_tipo,caracteritica_id,tipo_yacimiento_id) VALUES (2,2,2);
INSERT INTO CARA_TIPO (c_id_cara_tipo,caracteritica_id,tipo_yacimiento_id) VALUES (3,3,3);
INSERT INTO CARA_TIPO (c_id_cara_tipo,caracteritica_id,tipo_yacimiento_id) VALUES (4,6,5);
INSERT INTO CARA_TIPO (c_id_cara_tipo,caracteritica_id,tipo_yacimiento_id) VALUES (5,7,9);
INSERT INTO CARA_TIPO (c_id_cara_tipo,caracteritica_id,tipo_yacimiento_id) VALUES (6,2,7);
INSERT INTO CARA_TIPO (c_id_cara_tipo,caracteritica_id,tipo_yacimiento_id) VALUES (7,6,3);
INSERT INTO CARA_TIPO (c_id_cara_tipo,caracteritica_id,tipo_yacimiento_id) VALUES (8,7,10);

/* INSERTS DE TABLA  COMPANIA*/
INSERT INTO COMPANIA (c_id_compania,c_rif,c_nombre,c_nacionalizado,c_fecha_nacional,c_fecha_apertura,c_capacidad_maxima_anual,lugar_id,unidad_id) VALUES
(1,'J-153498635','Aliquet Diam Limited',TRUE,'1985-06-04','1979-01-05',6000,489,7),
(2,'J-789654123','Nulla Industries',TRUE,'1985-06-04','1979-01-05',6000,501,7),
(3,'J-415236742','Imperdiet Erat Nonummy Inc.',FALSE,null,'1976-05-13',5000,522,7),
(4,'J-153468923','Carbon Cheap',TRUE,'1985-06-04','1979-01-05',6000,527,7),
(5,'J-148527932','Mineros de a peso',FALSE,null,'1976-05-13',5000,572,7),
(6,'J-168234875','Pico y Pala',FALSE,null,'1976-05-13',5000,577,7),
(7,'J-555682314','GMR Company',TRUE,'1985-06-04','1979-01-05',6000,603,7),
(8,'J-336826952','NY Miner',TRUE,'1985-06-04','1979-01-05',6000,610,7),
(9,'J-124755336','Cementera caracas',FALSE,null,'1976-05-13',5000,658,7),
(10,'J-366524268','CVG Miranda',FALSE,null,'1976-05-13',5000,663,7),
(11,'J-266365266','Pride and Gold',TRUE,'1985-06-04','1979-01-05',6000,700,7),
(12,'J-147895225','silver and Silver',TRUE,'1985-06-04','1979-01-05',6000,704,7),
(13,'J-448596234','Metal Alchemist',TRUE,'1985-06-04','1979-01-05',6000,749,7),
(14,'J-415632998','Chile Mineria',TRUE,'1985-06-04','1979-01-05',6000,753,7),
(15,'J-513648856','Peru Mineria',TRUE,'1985-06-04','1979-01-05',6000,789,7),
(16,'J-168245526','Colombia Minera',FALSE,null,'1976-05-13',5000,795,7),
(17,'J-178952362','Paraguay Mineria',FALSE,null,'1976-05-13',5000,802,7),
(18,'J-186355569','Nistatina Bronce',TRUE,'1985-06-04','1979-01-05',6000,812,7),
(19,'J-198266354','Borocanfor y Asociados',TRUE,'1985-06-04','1979-01-05',6000,823,7),
(20,'J-202533652','MINER C.A.',TRUE,'1985-06-04','1979-01-05',6000,829,7),
(21,'J-218856985','Glass and Sand',FALSE,null,'1976-05-13',5000,909,7),
(22,'J-228933574','Mimadito',FALSE,null,'1976-05-13',5000,913,7),
(23,'J-239998554','Acero Liquido C.A.',FALSE,null,'1976-05-13',5000,950,7),
(24,'J-249336352','Ford Metals',FALSE,null,'1976-05-13',5000,955,7),
(25,'J-253698741','Toyota Carbon',TRUE,'1985-06-04','1979-01-05',6000,1006,7),
(26,'J-265314987','Falcon Miner',TRUE,'1985-06-04','1979-01-05',6000,1011,7),
(27,'J-274589316','Eagle Miner',TRUE,'1985-06-04','1979-01-05',6000,1092,7),
(28,'J-285634197','Red Card',TRUE,'1985-06-04','1979-01-05',6000,1097,7),
(29,'J-293658741','Tarjeta Verde c.a.',FALSE,null,'1976-05-13',5000,1146,7),
(30,'J-302156987','ALVE y Socios',FALSE,null,'1976-05-13',5000,1152,7),
(31,'J-312648957','Silicon Valley C.A.',FALSE,null,'1976-05-13',5000,1191,7),
(32,'J-326159847','Nisl PC',FALSE,null,'1976-05-13',5000,1197,7),
(33,'J-332568741','Dolor Tempus Non Associates',TRUE,'1985-06-04','1979-01-05',6000,1220,7),
(34,'J-342561897','Donec Felis Orci Corporation',TRUE,'1985-06-04','1979-01-05',6000,1225,7),
(35,'J-356249871','Egestas Rhoncus Industries',FALSE,null,'1976-05-13',5000,1253,7),
(36,'J-369562471','Eget Tincidunt Incorporated',FALSE,null,'1976-05-13',5000,1255,7),
(37,'J-372568136','Massa Industries',FALSE,null,'1976-05-13',5000,1307,7),
(38,'J-385692199','Velit Quisque LLP',FALSE,null,'1976-05-13',5000,1313,7),
(39,'J-396652682','Arcu Eu Limited',FALSE,null,'1976-05-13',5000,1376,7),
(40,'J-403369636','Consequat Enim Inc.',TRUE,'1985-06-04','1979-01-05',6000,1379,7),
(41,'J-411253681','Mauris Ut Quam Limited',TRUE,'1985-06-04','1979-01-05',6000,1471,7),
(42,'J-426358925','Vitae Corporation',FALSE,null,'1976-05-13',5000,1476,7),
(43,'J-433365263','Leo Morbi LLC',TRUE,'1985-06-04','1979-01-05',6000,1481,7),
(44,'J-444585412','Sed Leo Company',FALSE,null,'1976-05-13',5000,1484,7),
(45,'J-458963552','Non Dui Nec Inc.',TRUE,'1985-06-04','1979-01-05',6000,1510,7),
(46,'J-468596526','Lacus Associates',TRUE,'1985-06-04','1979-01-05',6000,1522,7),
(47,'J-479962256','Pellentesque Eget Dictum Industries',FALSE,null,'1976-05-13',5000,1526,7),
(48,'J-123654125','Ac Nulla In Ltd',TRUE,'1985-06-04','1979-01-05',6000,1537,7),
(49,'J-493533252','Amet Ultricies Company',TRUE,'1985-06-04','1979-01-05',6000,1610,7),
(50,'J-503626262','Lorem Sit Limited',TRUE,'1985-06-04','1979-01-05',6000,1615,7),
(51,'J-512363265','Eleifend Vitae Limited',FALSE,null,'1976-05-13',5000,1624,7);

/* INSERTS DE TABLA  PRODUCTO*/
INSERT INTO PRODUCTO (p_id_producto,p_nombre,p_porcentaje_pureza,p_peso,unidad_id,mineral_id) VALUES
(1,'Carbon saco 50',80,50,6,4),
(2,'Carbon saco 100',90,100,6,4),
(3,'Hierro barra 20',75,20,6,1),
(4,'Hierro lamina 40',80,40,6,1),
(5,'Hierro plancha 60',85,60,6,1),
(6,'Diamante bolsa 1',100,1,6,5),
(7,'Niquel saco 30',70,30,6,7),
(8,'Cobre barra 50',80,50,6,8),
(9,'Cal saco 50',80,50,6,10),
(10,'Arena saco 50',98,50,6,9),
(11,'Azufre saco 30',85,30,6,15),
(12,'Aluminio lamina 50',95,50,6,27),
(13,'Aluminio plancha 80',95,80,6,27),
(14,'Calcio saco 20',96,20,6,26),
(15,'Feldespato saco 30',88,30,6,23),
(16,'Mica saco 25',88,25,6,19),
(17,'Yeso saco 30',92,30,6,13),
(18,'Talco saco 10',90,10,6,21),
(19,'Bauxita saco 20',87,20,6,2),
(20,'Oro barra 1',96,1,6,3),
(21,'Manganeso saco de 20',92,20,6,6),
(22,'Caliza saco 10',90,10,6,11),
(23,'granito plancha 10',93,10,6,12),
(24,'Arcilla saco 50',88,50,6,14),
(25,'Baritina saco 30',85,30,6,16),
(26,'Bentonita saco 10',80,10,6,17),
(27,'Sal comun saco 15',90,15,6,20),
(28,'carbon antracita saco 10',95,10,6,18),
(29,'Silicio saco 40',94,40,6,22),
(30,'Uranio envase 1',98,1,6,25);

/* INSERTS DE TABLA  PROD_COMP*/
INSERT INTO PROD_COMP (p_id_prod_comp,unidad_id,producto_id,compania_id,p_precio_estimado) VALUES
(1,11,1,1,300),
(2,11,1,2,350),
(3,11,1,4,275),
(4,11,1,6,300),
(5,11,2,3,400),
(6,11,2,7,420),
(7,11,3,8,150),
(8,11,3,11,120),
(9,11,3,15,125),
(10,11,4,5,220),
(11,11,4,9,220),
(12,11,5,9,300),
(13,11,5,12,310),
(14,11,6,13,2200),
(15,11,6,20,2000),
(16,11,7,14,280),
(17,11,7,27,280),
(18,11,8,15,280),
(19,11,8,22,280),
(20,11,9,16,280),
(21,11,9,21,280),
(22,11,10,19,300),
(23,11,10,23,300),
(24,11,11,17,300),
(25,11,11,18,300),
(26,11,12,26,300),
(27,11,12,30,240),
(28,11,13,22,240),
(29,11,13,28,240),
(30,11,14,25,240),
(31,11,14,33,260),
(32,11,15,24,260),
(33,11,15,29,260),
(34,11,16,30,260),
(35,11,16,31,260),
(36,11,17,32,410),
(37,11,17,33,410),
(38,11,18,34,410),
(39,11,18,35,410),
(40,11,19,36,410),
(41,11,19,37,170),
(42,11,20,38,170),
(43,11,20,39,170),
(44,11,21,40,170),
(45,11,21,41,170),
(46,11,22,42,170),
(47,11,22,43,500),
(48,11,23,44,500),
(49,11,23,45,500),
(50,11,24,46,500),
(51,11,24,47,500),
(52,11,24,48,220),
(53,11,25,49,220),
(54,11,25,50,220),
(55,11,25,51,220),
(56,11,25,1,300),
(57,11,26,15,175),
(58,11,26,17,175),
(59,11,26,26,175),
(60,11,26,33,175),
(61,11,27,46,175),
(62,11,27,28,230),
(63,11,27,11,230),
(64,11,27,5,175),
(65,11,28,13,250),
(66,11,28,47,250),
(67,11,28,51,250),
(68,11,28,26,250),
(69,11,29,19,260),
(70,11,29,22,260),
(71,11,29,34,260),
(72,11,29,4,160),
(73,11,29,7,160),
(74,11,30,15,310),
(75,11,30,25,310),
(76,11,30,31,310),
(77,11,30,29,310),
(78,11,30,9,300),
(79,11,30,41,320);

/* INSERTS DE TABLA ACCION*/
INSERT INTO ACCION (a_id_accion,a_tabla,a_descripcion,a_tipo) VALUES
(1,'mineral',),
(2,'mineral',),
(3,'mineral',),
(4,'mineral',),
(5,'compania'),
(6,'compania'),
(7,'compania'),
(8,'compania'),
(9,'empleado'),
(10,'empleado'),
(11,'empleado'),
(12,'empleado'),
(13,'empleado'),
(14,''),
(15,''),
(16,''),
(17,''),
(18),
(19),
(20),
(21),
(22),
(23),
(24),
(25),
(26),
(27),
(28),
(29),
(30),
(31),
(32),
(33),
(34),
(35),
(36),
(37),
(38),
(39),
(40);

/* INSERTS DE TABLA  */
INSERT INTO () VALUES ();

/* INSERTS DE TABLA  */
INSERT INTO () VALUES ();

/* INSERTS DE TABLA  */
INSERT INTO () VALUES ();

/* INSERTS DE TABLA  */
INSERT INTO () VALUES ();

/* INSERTS DE TABLA  */
INSERT INTO () VALUES ();

/* INSERTS DE TABLA  */
INSERT INTO () VALUES ();

/* INSERTS DE TABLA  */
INSERT INTO () VALUES ();

/* INSERTS DE TABLA  */
INSERT INTO () VALUES ();

/* INSERTS DE TABLA  */
INSERT INTO () VALUES ();

/* INSERTS DE TABLA  */
INSERT INTO () VALUES ();

/* INSERTS DE TABLA  */
INSERT INTO () VALUES ();

/* INSERTS DE TABLA  */
INSERT INTO () VALUES ();

/* INSERTS DE TABLA  */
INSERT INTO () VALUES ();

/* INSERTS DE TABLA  */
INSERT INTO () VALUES ();

/* INSERTS DE TABLA  */
INSERT INTO () VALUES ();

/* INSERTS DE TABLA  */
INSERT INTO () VALUES ();

/* INSERTS DE TABLA  */
INSERT INTO () VALUES ();

/* INSERTS DE TABLA  */
INSERT INTO () VALUES ();

/* INSERTS DE TABLA  */
INSERT INTO () VALUES ();

/* INSERTS DE TABLA  */
INSERT INTO () VALUES ();

/* INSERTS DE TABLA  */
INSERT INTO () VALUES ();

/* INSERTS DE TABLA  */
INSERT INTO () VALUES ();

/* INSERTS DE TABLA  */
INSERT INTO () VALUES ();